cik,original,cloned
1615359,5.1,10.4
1728355,13.1,19.4
1546283,-23.2,-24.3
1763409,59.4,17.2
757657,-1.2,2.3
1179232,-14.2,-14.7
1569638,50.9,37.0
1790604,32.1,26.1
1519319,-6.9,-5.9
1302404,-4.3,-0.7
1050068,121.7,22.3
1606588,18.4,33.8
1294571,15.3,19.2
1436871,59.1,18.5
1766520,6.5,22.4
1333986,8.9,22.1
1315478,-1.1,-3.9
1733510,15.7,16.3
1620081,-3.6,-1.0
1392364,-2.5,51.0
1671623,4.7,7.7
1510099,1.6,25.7
1115373,1.4,-14.3
711089,0.5,5.1
1622346,176.7,283.5
1713587,39.3,27.7
1535588,167.3,103.6
1041773,3.7,18.4
1145255,-12.8,-8.9
1582633,-4.5,-11.6
1728194,70.9,124.9
1096343,0.3,-1.0
714395,5.6,21.3
869178,-2.0,-4.1
1348883,-8.0,1.1
1082327,12.1,10.0
831001,-7.1,47.9
1507640,-28.9,-13.6
1803994,65.4,67.4
1541055,-5.6,-6.4
1442756,-15.2,26.7
314169,-10.8,16.9
1632118,-2.9,-0.6
769963,21.2,39.2
1466153,-11.1,-1.8
1108893,-8.6,-3.8
1613634,-12.3,-29.3
872359,16.4,-1.9
1802277,-6.5,0.3
1351991,17.6,19.0
830588,88.9,24.6
1132556,14.7,17.3
1519113,-0.9,6.4
934866,-12.1,27.4
1695658,0.3,0.4
1639997,-4.2,2.3
1757260,-18.1,-11.7
1714107,5.4,3.7
1453885,-20.2,-18.8
1801634,2.8,7.1
1727573,-5.6,-2.9
1586052,7.2,3.1
1133014,-6.0,-0.1
1020585,-6.2,1.5
1599275,-13.4,-3.7
886982,-4.6,90.2
872162,-6.5,-5.4
1602119,-10.0,63.1
1730961,-6.3,106.4
1569863,4.9,8.9
1716659,0.4,-1.4
1785545,0.2,-33.1
902367,-14.3,1.1
1009006,-10.9,-13.5
1512162,207.6,48.9
1773205,14.0,19.0
1483232,70.9,91.7
1687509,49.3,25.0
1634212,6.8,8.4
1656666,29.4,22.7
1027796,-8.4,-8.0
1801868,6.4,15.9
1731878,12.5,10.4
1633695,0.6,1.3
1055980,-2.5,-9.2
1540142,-15.4,-16.4
1321220,-19.5,-9.7
1059543,-10.5,-3.4
1640951,-7.0,-1.4
1535323,-7.2,-10.0
1675884,35.7,45.5
898413,-1.6,20.8
1352342,15.2,18.5
1695490,31.5,38.2
1654599,9.4,75.9
1694126,-4.6,118.1
1802279,-7.2,1.1
1263548,3.0,1.0
1397076,-5.8,-8.0
1688774,8.9,10.2
1676292,75.9,107.6
1005607,-2.9,-2.0
1767868,16.4,47.6
1730959,-0.7,0.8
1034524,9.6,9.3
1589689,30.4,8.8
1167557,-3.2,-1.2
1657111,3.4,24.9
1020918,-5.3,-6.5
1569067,-19.4,-21.3
1806222,27.9,25.5
1024716,-25.3,-19.7
200217,-5.9,0.0
1734565,-7.4,-6.4
1714506,8.8,12.0
1803106,-2.6,8.4
1447884,12.6,168.7
1009258,4.8,-1.0
1551867,35.9,80.7
14661,-16.4,-10.0
1369702,-1.8,4.0
1486713,-1.1,3.5
1076964,-3.3,-0.8
1470261,-6.6,-4.5
1649888,-2.8,7.8
1279885,-3.1,1.2
1434323,-1.6,2.0
1422848,-7.9,10.0
906304,-25.8,-20.9
1059187,-11.3,-7.1
1541666,-10.8,143.8
1375534,2.9,4.6
1427196,63.0,-6.0
1305227,-1.5,-3.0
1486946,-2.1,0.1
1315889,-14.7,-4.7
1765768,10.9,45.8
1568788,13.3,9.1
1767803,39.3,42.7
1639753,18.2,14.2
1484043,-7.0,-1.8
1078658,-5.6,2.6
1000742,-19.1,-6.3
1289851,-29.8,-13.1
1418773,1.9,3.1
1804116,36.1,53.5
1450008,-31.0,-27.2
1062938,-8.7,1.4
1821407,22.7,-7.0
1352547,-1.1,5.6
1639754,7.1,3.0
1534400,17.4,14.8
1732008,53.9,59.8
1729672,-2.2,13.8
1300336,6.4,36.4
1483259,-8.8,-7.8
1527641,21.1,35.0
1769700,-8.7,-1.8
1389544,8.3,4.7
1583119,12.9,23.2
1698926,-9.9,39.5
1697360,6.0,5.8
1686444,8.8,13.1
1652062,89.0,141.9
1633869,3.5,11.2
1632187,-0.2,275.1
1633055,3.3,-14.1
1608826,-9.0,5.7
1034541,1.2,4.2
1106505,-5.8,-1.2
1103245,2.3,6.4
1322853,-16.4,-0.3
1704107,50.9,68.5
1802647,41.9,46.5
1595849,36.9,19.1
35527,-3.4,-1.8
1713520,4.0,-1.5
1618872,-6.1,-3.1
1568540,12.1,14.5
1510668,-15.0,13.0
1543100,-4.1,-2.6
1800913,-3.5,5.2
1585822,1.6,21.0
1717977,1.0,41.6
1730769,100.1,37.6
1780055,-3.6,-3.5
1532351,15.8,66.5
1731445,2.6,4.8
1776382,42.7,-78.4
1318757,33.7,10.8
1390003,0.6,3.7
1483065,-9.2,-6.5
1034546,-10.0,-4.6
1774879,0.5,1.8
1794499,-11.6,24.6
1578177,2.6,20.2
1393818,0.2,41.6
822648,-30.6,-28.1
813933,-12.8,-11.4
1797678,96.0,62.1
1002672,6.9,7.0
1756543,6.6,9.8
1762776,-2.6,-13.4
1541496,4.0,7.0
9634,-2.5,131.5
1213206,6.5,180.2
1725248,-13.6,7.2
842766,3.2,4.9
1599210,-16.3,-24.2
1484429,-4.0,0.8
1472190,-22.1,-15.6
1166880,21.5,106.0
1404574,17.7,22.6
1512597,71.5,147.0
1132708,-6.4,-4.6
1224014,-9.1,-4.0
850401,0.1,99.9
1483866,-4.0,-1.7
825204,-5.8,-19.3
1542284,0.8,3.5
1162827,-1.0,2.5
1800379,-5.1,5.0
1424322,-9.5,-10.3
1399770,-4.3,0.4
1566475,52.6,32.4
1802278,13.2,17.5
1599273,64.7,-7.0
1738560,-3.3,5.2
1694127,5.3,16.4
314965,-19.5,-17.1
1325447,-8.5,-4.6
1315828,73.0,105.2
866590,6.7,11.5
1010911,-13.9,275.9
1509974,1.2,10.3
1583977,23.5,38.3
1720792,-22.1,-12.1
1805250,89.4,56.9
1313926,-37.8,-54.3
1275880,-8.7,-4.3
1334952,-8.3,-2.6
1673385,26.4,29.2
1729049,1.7,6.7
1020317,-0.6,-6.2
1276853,-4.9,-3.3
1638049,-0.3,1.6
1676603,-1.7,5.9
1640361,-17.3,-14.6
1517429,-8.3,-8.9
1107211,-37.2,-38.6
1466538,34.9,164.4
1431431,74.1,202.5
1113629,-17.5,-12.5
1507683,7.5,9.9
769954,-30.8,-11.4
1542421,31.8,28.1
1608046,163.6,8.9
1352512,0.1,1.8
872163,-23.3,-19.5
1697597,6.6,6.0
1329883,-8.1,-2.2
1490429,85.2,3.4
1511144,-0.2,2.5
1730960,42.7,42.6
1321219,-20.1,-24.5
1811491,14.3,31.9
1603465,21.6,12.6
1512538,27.5,46.4
1736260,18.7,4.8
1766510,10.8,16.6
1603001,-5.6,6.9
1632574,18.4,26.5
1686278,17.9,-39.0
1700530,-27.4,-24.6
1750086,18.4,7.8
1387818,-1.4,11.2
1742315,-9.5,2.6
1627436,21.0,37.9
1549230,51.8,45.3
1378410,-17.6,79.4
1697767,14.3,16.2
71259,-6.0,-8.2
1599084,1.4,2.7
1501542,-9.9,-3.8
1512367,30.3,39.0
1007399,81.9,103.6
1353254,-22.4,-22.3
1697303,2.3,93.3
937615,-3.4,-1.7
869179,-15.1,-12.1
1121943,-38.1,-65.5
1536562,84.3,218.8
1808919,-3.7,216.4
1723925,12.6,17.0
1316466,-20.2,-22.1
1786767,54.8,51.6
1415030,-26.1,18.8
1318153,150.8,-71.5
1698146,1.9,4.6
1511985,2.7,8.4
1703383,1.5,6.6
1523847,0.0,13.0
1056504,-38.8,-36.0
1524408,-3.1,-6.3
1034184,13.9,12.8
938206,-1.8,1.7
1580162,17.7,42.4
1082917,-0.6,-3.9
1582635,-15.3,-10.9
1536139,2.1,8.7
919185,-2.9,3.1
1165002,-12.9,-9.0
1801097,-3.1,8.1
1658535,52.5,57.5
1008322,-8.0,-12.8
1543536,9.6,13.2
1644956,-9.4,-5.1
898286,-9.3,-0.4
1604488,38.3,9.2
1792704,49.2,34.6
1658363,32.6,38.2
1564770,-9.3,-1.7
1356513,-3.0,-3.6
1475770,-25.7,-3.4
1790295,-14.3,-11.0
949853,-20.2,54.4
1553562,-9.5,-6.2
1538853,36.4,62.7
1806428,24.4,15.6
1431256,0.5,39.3
1365167,-24.3,301.1
750641,22.9,21.6
1593324,23.9,35.1
1691804,29.3,43.1
1495703,-1.9,0.6
1362987,-17.3,-5.7
1123274,59.7,62.9
1634222,4.5,3.0
1157765,-6.2,-5.4
1651473,-2.9,5.6
1582090,13.2,7.8
1004140,6.2,201.6
89014,-22.1,-15.9
21175,-16.0,-18.4
1629931,13.3,30.8
1582202,9.4,0.2
1802473,17.6,24.1
1534259,3.4,25.8
1297731,-23.8,-23.8
1732007,14.8,13.4
1657516,6.1,11.3
1802225,-11.1,0.2
1749798,7.8,16.5
1591271,-29.3,-37.4
1320168,3.2,17.9
1013701,-5.5,-2.0
1800586,-7.3,235.4
719245,-15.3,20.3
1697539,-15.3,-11.7
1722053,199.2,38.0
1016287,-11.0,-11.1
1731444,72.6,37.3
1733777,200.9,157.7
1581641,6.2,79.5
1354821,-19.5,52.5
1527488,-10.2,93.3
1166620,-6.0,-9.1
1670139,53.0,84.4
1314150,-47.2,19.3
1500605,-10.4,-2.6
811454,-17.6,-14.3
1706669,5.4,8.8
1740840,24.1,55.6
1512596,41.0,272.0
1389574,-10.6,2.2
1673922,-15.0,-10.2
1137881,1.4,-7.9
1535172,0.5,-0.4
1602189,28.8,59.8
1598561,5.7,9.4
1119376,-5.4,-2.8
1455915,50.9,171.4
860857,-2.6,141.9
1626116,-0.4,16.7
1713521,-0.2,1.9
1731671,3.8,37.0
1568787,23.8,26.0
1539919,39.9,34.4
1596053,15.7,62.3
1327944,4.9,6.0
714562,-10.3,0.2
1037558,0.1,2.7
1548179,86.1,115.0
1335644,4.7,15.3
1598102,-6.9,-5.2
1791126,4.5,30.9
1250731,-3.1,53.5
1601539,-5.8,4.4
883803,-4.1,-0.2
1534261,23.7,29.4
1690186,34.3,55.5
1759364,-20.7,-12.7
1779763,6.1,21.3
1792565,-0.4,5.1
1349138,92.8,4.1
1633857,13.0,15.4
1110806,-17.3,81.9
1696615,22.9,24.7
1725247,9.1,85.4
1386364,-7.5,1.8
1475940,5.4,16.1
1390457,7.0,113.9
1566089,4.7,25.4
1476993,55.8,64.5
1365559,-3.6,-0.3
1567993,0.2,9.3
1802670,12.8,13.5
1473429,5.5,8.2
1021296,-6.9,-8.5
1735445,11.3,25.3
1370629,-10.5,-4.6
1598550,-3.2,8.4
1278951,41.7,76.6
1482970,-1.1,2.4
1056559,-4.1,4.3
1755933,17.0,16.0
1270764,-9.6,-0.9
1633861,5.2,6.0
1729673,7.9,5.9
1784260,-4.3,-1.8
1091561,92.1,-13.7
1607866,2.0,4.8
1034549,-15.4,-19.3
1352122,-8.2,-2.1
1682475,-1.0,-1.5
1740871,17.7,-22.9
1418329,-3.0,-1.5
1563530,19.4,0.4
897293,-18.3,-19.2
1678953,48.0,82.5
1091559,18.0,158.4
1760472,10.2,19.5
11544,20.6,79.5
1632715,-2.4,-1.2
1411268,-0.9,101.7
1105344,-10.4,-3.2
1579254,-8.8,-2.7
1455924,-4.0,-18.8
1765590,-2.1,-9.1
1550188,7.4,-14.1
1053013,8.8,37.0
1736465,44.9,54.1
315014,-4.4,-1.2
1772715,18.3,94.5
1286478,55.1,128.7
1552426,2.9,1.7
1276460,-8.3,17.0
1427351,-4.3,1.2
1638022,7.5,7.2
1422849,-6.7,9.4
1128251,-22.3,-20.7
102909,2.7,52.5
1567163,2.0,4.1
1697366,20.0,2.6
1325083,1.3,18.2
1444055,-7.1,-6.1
1608485,-33.7,70.9
1021926,-6.3,0.3
1455267,2.2,37.3
1038661,7.7,4.0
1535660,-8.9,-7.7
1714678,-4.1,-1.7
1759485,16.8,204.0
1535452,-21.8,-20.3
826154,-11.0,-3.3
1739594,33.7,92.1
39263,-1.1,33.2
1568891,-19.5,-21.9
1274413,-22.2,-13.3
1027817,-5.2,83.4
1216093,-39.2,-30.4
1130787,-17.0,-12.6
1573876,26.6,26.9
1722117,2.0,8.3
1673633,6.7,11.2
1455258,3.9,11.5
1764968,6.8,10.4
1698051,51.6,-0.3
1772031,17.8,77.5
1105838,-1.6,43.1
1480751,-1.2,12.8
1454984,-4.5,3.7
1664214,12.1,37.1
1564835,-27.3,-19.6
1409775,-7.5,199.1
1717658,6.6,17.7
1765278,2.9,4.3
1550660,-10.2,-5.1
1601489,-9.1,-10.5
1759476,8.2,8.1
1423442,-5.7,3.9
860580,-8.1,-2.1
1344551,10.1,5.3
1456075,-7.5,-6.4
1450144,115.1,142.1
943442,4.7,7.4
1792283,39.0,38.8
1362255,-16.5,-13.1
1368905,-4.2,-4.1
1541349,85.2,90.9
1767346,6.0,10.9
1569147,-3.9,-1.0
1659997,-12.5,-10.2
1802530,10.8,11.4
1591590,-8.1,-2.5
895213,21.6,22.2
1167483,-1.2,3.5
74260,5.1,12.0
1665751,21.9,22.1
1006364,-6.7,5.0
1802961,-13.3,14.6
1411784,-14.2,-15.1
1088950,5.7,38.8
1536444,-8.2,11.5
1251557,-6.9,9.1
1062842,-7.1,0.5
1731358,-3.4,-4.3
1568068,20.4,16.3
1683073,64.2,55.5
1793367,4.4,50.5
921669,-17.1,32.1
1698094,-10.0,36.6
1706511,-9.2,14.2
1432539,5.7,7.5
1614704,-8.0,104.4
1600136,13.3,16.7
1727454,17.8,5.5
1280051,-17.1,-13.4
1767384,4.6,11.2
1007280,-9.8,-6.0
1737090,-1.7,-3.4
1518320,-7.6,-6.2
1584246,28.9,-11.2
1801145,-9.1,7.2
1698060,25.1,27.6
1173889,-4.4,-1.1
1574408,7.4,9.0
1765285,133.9,143.3
944804,-17.6,-17.5
1360533,-0.7,20.9
1512848,-8.6,-35.5
1731509,138.9,121.4
872080,-12.5,312.3
1598245,1.7,-10.5
1166309,-19.0,-20.0
1278678,-2.7,-1.6
1455251,-12.3,-9.8
1696136,-12.1,-9.2
1262124,-27.8,-29.6
1779040,16.4,-3.2
1790723,-38.3,132.6
1731152,29.2,33.5
1317208,-10.2,-15.1
1406995,-4.1,0.1
1511098,3.5,13.1
1617516,40.2,1.4
853758,40.4,61.9
883511,-7.5,-11.7
1653202,18.0,59.6
1354739,17.3,35.2
1415912,-4.8,-0.9
1783139,77.2,253.0
1633313,36.3,22.2
1774552,28.0,28.7
1584087,-15.6,-17.0
1454946,-30.5,-31.5
1785498,4.7,11.5
1735734,2.4,6.7
1368163,16.0,214.2
1697847,8.8,12.2
1630360,1.8,39.6
941519,7.5,9.6
1763121,165.8,67.8
1114928,-9.4,-3.7
1606430,-2.4,-0.7
1603142,-61.7,-47.4
1691982,50.7,59.4
1800692,13.9,25.5
1802131,-7.4,-8.2
1728689,-5.8,-13.5
1467902,-26.0,149.0
1581793,17.1,45.5
1619083,50.7,47.4
1743941,13.9,14.6
1535602,47.5,22.8
1512020,53.5,117.3
1512444,7.1,-14.2
1021944,7.5,-6.9
1537703,20.0,22.2
826794,-9.8,5.9
1218957,82.5,125.2
1690295,48.3,120.8
937760,20.4,25.8
1664847,2.3,3.9
1531064,-24.9,-15.7
1127799,4.2,7.6
1643833,-9.9,-5.1
1534378,-11.7,-9.4
1633516,167.3,139.2
1020066,-15.3,-9.5
1510589,38.0,33.8
1588873,19.9,29.7
1633172,8.2,5.8
1141781,-7.7,3.7
1802136,2.4,10.9
1776090,82.0,32.7
914976,4.6,23.4
356264,-3.1,24.5
1504941,2.6,4.0
1538773,19.1,7.0
1599330,75.1,8.3
849854,-13.9,88.1
868911,3.0,-29.6
1540656,66.9,143.5
1727269,-13.3,-8.9
1425949,-9.1,-9.4
1423282,-50.9,-16.7
919458,-1.2,-0.2
1536080,58.3,172.4
1768195,3.7,8.6
1595509,98.6,9.1
1769288,7.4,14.4
1800465,35.2,45.8
1632096,101.4,10.3
1133999,-20.3,-17.5
1602603,-1.8,2.9
1050743,6.7,39.1
1616667,169.7,259.4
1682598,-19.2,-19.9
1665198,12.9,10.5
1058949,103.2,11.2
1786411,8.0,14.1
1513137,9.9,251.8
1430233,4.0,6.5
1729755,5.4,10.9
1362033,7.8,98.5
1092838,-21.9,-32.1
1744967,12.6,-5.5
743127,-11.4,-12.0
1213310,-19.8,11.5
1123798,-22.1,-30.1
1692507,68.8,104.3
1610769,31.0,59.0
1757128,2.9,6.9
1512647,23.0,9.4
1535859,-3.7,3.1
1056827,0.4,4.5
1323255,-6.2,-4.2
1818207,7.5,10.7
1799435,-0.4,-10.7
873759,-4.9,2.0
1383161,12.1,10.9
1100710,9.7,12.3
1423876,65.7,65.7
1135631,99.0,62.1
1696957,43.9,45.7
1748930,10.2,14.9
1533950,-12.4,-9.5
1800234,8.1,46.6
1802107,-0.5,3.9
1607978,6.8,11.6
1745879,-29.9,-13.3
1652174,120.1,84.1
1631614,3.1,0.6
1794543,11.7,12.0
1542302,7.8,6.5
1665359,12.6,15.8
1803648,5.6,11.7
1120926,-7.7,-2.5
1008868,-6.3,-6.2
1352467,1.1,5.3
1169581,-9.9,-17.1
1730815,3.4,8.4
1685771,-7.6,-3.6
1456670,2.1,1.6
1541741,-1.9,11.8
1535096,39.4,83.4
1536442,-11.4,-8.5
1569148,-2.0,-0.4
1370102,23.2,39.0
1305707,5.1,3.0
1276525,-3.5,38.2
861462,-7.1,-5.3
1803089,7.6,4.2
1105468,105.4,-11.5
1598244,-3.0,12.8
1166308,9.4,6.1
1277403,4.7,12.2
902614,-15.1,-15.4
1730882,-4.8,-11.4
1259969,3.6,6.0
1667694,88.6,-0.8
1666746,-22.6,-14.1
1584086,12.4,11.6
883948,11.5,54.2
1317209,-5.2,-2.2
1762294,13.1,36.0
1431518,-24.7,-22.2
1741224,-0.1,42.5
1308685,-9.7,-5.7
1212897,-31.5,-16.1
1105837,-9.3,17.9
1731359,-2.2,1.4
1654648,12.5,36.2
1526411,-5.5,-1.6
944234,-11.9,-7.4
1089877,34.9,6.9
1166559,-4.0,7.3
1802994,0.1,7.0
1389256,0.0,5.1
1777914,5.3,10.3
1761871,4.0,6.3
1546190,-15.2,-13.6
1632802,1.0,1.9
1767940,53.1,87.1
1563223,-14.8,2.3
1552564,15.3,115.4
1747749,18.8,16.1
1314440,-5.4,-6.1
1435346,-22.4,-23.7
1278641,-13.9,-13.5
1527198,-13.9,87.4
1803277,-1.1,182.2
1731530,4.3,42.3
1017645,14.1,17.9
1067532,-4.3,0.7
108572,-4.7,0.4
1352864,4.9,26.5
1622431,3.3,4.6
1316926,9.2,172.5
1343916,-4.3,-0.5
1611613,-16.1,-8.4
1767715,18.7,35.2
1666741,85.0,85.9
1546967,2.4,-3.1
898399,-10.8,-11.6
1814234,46.8,39.2
1559972,21.9,29.2
1767982,0.1,5.0
1343781,-20.7,-17.1
1326918,-4.5,-5.9
937394,-22.7,-27.0
1561784,-41.7,-22.0
1542162,13.7,39.5
1595932,-9.5,-4.1
1269950,-12.4,-7.2
1698068,10.5,12.7
1287618,-7.3,19.6
741073,8.4,123.2
1285973,0.3,-0.7
764106,9.6,77.3
1736982,17.5,18.1
1476225,-6.5,-15.3
1798926,-5.0,0.6
1104329,-20.3,-14.3
1784777,13.2,21.6
1056288,-8.0,12.2
1230765,-8.6,-7.9
1082461,-3.4,-0.1
1787596,25.0,-5.4
1783599,19.5,29.6
1606666,12.6,18.1
1055290,0.4,4.0
1761044,-0.2,8.9
1175523,94.1,82.6
900529,-13.9,-6.0
1315339,-2.4,46.7
1033244,-21.9,-32.2
1625246,9.0,12.7
1803087,-40.0,-36.4
1308016,-2.6,0.9
1357372,9.7,87.5
1092290,-4.0,1.3
1535695,72.2,94.1
765443,-5.4,-1.2
1127990,-7.0,-4.6
1456417,-22.4,-19.8
1593038,9.2,8.7
1687241,78.1,39.9
1251567,-12.3,33.6
1682733,3.5,2.3
1542165,232.0,0.4
1161927,-22.2,-16.5
1684868,-2.1,4.6
1554656,-0.2,5.4
1286534,-15.3,-13.2
1569141,43.3,49.9
1410833,-4.7,-0.6
1364739,-53.5,-35.7
1767724,20.2,10.9
1800261,5.2,-15.4
1731191,163.0,125.9
1611848,-0.7,20.3
1508512,24.5,31.3
1598843,-1.9,-1.3
1803848,97.7,361.0
1811783,6.3,11.0
1667232,160.9,34.1
1439743,-4.3,348.5
1449434,15.8,170.8
807249,-18.2,-16.9
1218735,61.9,40.7
1580212,11.0,20.3
1631615,-22.8,-15.9
1016150,-14.0,11.6
1600152,8.4,23.6
1634155,-6.2,2.9
1282550,-15.2,-37.9
1390113,24.6,55.5
1756695,-5.5,-1.0
1512814,3.8,6.1
1604350,14.8,5.3
1621225,46.1,207.9
1318011,2.2,2.8
105495,-3.6,6.9
1066816,9.9,13.4
1321194,-5.7,-3.4
1314273,7.9,0.5
846222,-3.8,-2.0
1085041,5.3,19.1
1284208,-4.6,-3.7
1786241,-2.9,4.4
1730814,204.5,18.6
1353316,-17.5,-21.6
1595961,-37.8,-47.8
1575581,5.3,32.1
799004,-10.3,-7.3
1429788,16.9,60.3
1746438,-1.1,11.9
1426196,-4.5,4.0
1738887,-17.9,13.0
1632407,18.3,18.6
53417,-10.5,-8.8
1812155,-1.6,4.5
1707202,37.1,41.1
1280200,-7.3,1.9
1727605,26.0,33.2
1590073,26.4,9.0
1767121,0.9,2.5
1326389,3.4,21.8
1767313,2.3,3.1
1632097,16.7,48.4
1144492,2.8,-3.9
850529,103.6,2.5
887777,-1.8,0.8
897378,1.2,4.2
1398346,123.8,17.8
1653857,9.1,33.2
1719307,53.0,164.8
799003,0.6,2.2
924181,-0.5,4.2
1353311,-21.0,-25.0
1697848,19.1,28.2
1317253,-13.0,-6.9
1442276,-38.3,41.8
1276918,-5.4,19.0
1464586,16.3,13.1
1616659,3.2,4.7
1520770,62.3,177.4
1511037,3.5,14.2
1665199,20.2,28.5
1652529,3.6,10.1
1484368,27.2,46.1
1729754,2.4,2.0
1706915,-2.0,0.9
1388312,-8.6,-10.7
1367786,-0.1,4.6
1537191,-5.3,-8.8
1708872,4.2,5.1
1728449,5.8,20.2
1304229,-12.9,-7.4
828405,-70.2,-55.0
1700481,54.7,50.8
36270,57.0,88.4
1633517,-17.7,-13.0
1732543,41.1,374.8
1596510,-5.6,-8.9
857508,-12.3,-8.4
1674486,-3.2,-19.0
1481045,0.2,7.2
1599900,99.6,320.0
1704677,7.9,17.4
1716180,2.2,8.5
1360798,12.1,17.8
1381296,1.3,6.0
728079,-9.0,-4.1
1269932,-10.2,-14.4
1053906,0.4,-6.8
1317601,-72.5,-38.9
1307493,-2.4,127.7
1512026,17.2,179.6
778963,60.0,-5.5
1716983,1.6,6.7
1445065,13.4,13.2
1423045,-2.5,20.6
1072843,-11.4,-9.2
1525234,-4.2,-3.3
1080166,-4.8,-1.5
1184820,1.8,3.8
883782,-2.8,53.9
1280493,140.5,188.1
1767580,25.9,15.5
1755670,16.9,25.8
895421,5.4,194.9
1741426,176.5,217.1
1478775,3.3,17.0
1008894,-16.0,-13.3
1559789,62.8,49.9
1703658,-41.8,-18.7
1716984,6.2,294.1
1352662,-15.1,-5.6
1501436,6.5,6.6
1653866,21.1,7.9
1609674,9.6,14.4
1278249,90.7,-3.3
1537530,10.9,25.5
1517137,1.2,-10.4
1265376,-11.5,-10.6
1513125,1.2,8.9
1083190,-4.0,-3.2
898581,-14.9,-14.8
1341401,-13.4,-11.9
1531611,-18.1,-17.2
1284812,-6.2,-3.2
924166,0.2,240.5
1040198,-0.7,-6.6
1664864,4.7,8.6
49969,-27.1,-27.3
1779453,-35.3,-10.4
1030815,92.0,-31.8
1542317,-9.8,-8.0
1376879,19.7,32.5
1493936,-2.5,-2.2
1488542,151.0,41.4
1309148,4.5,169.9
1406585,2.6,-32.2
1086416,12.0,41.7
1769063,34.3,39.6
938506,-33.3,-26.3
1133385,118.6,33.5
1541901,14.5,260.7
1730467,35.7,38.2
1387978,-6.3,-4.7
1482611,100.9,-8.8
1803662,50.5,142.7
1791827,5.0,8.5
1698222,2.0,-11.4
1172779,-1.1,5.0
1524566,49.9,47.1
1571556,18.9,22.9
1512652,-5.2,7.2
1080382,25.8,6.5
1775863,-0.6,4.2
1335325,-9.6,-23.9
922898,19.4,1.2
1484972,-13.6,19.9
1418814,-19.3,-26.2
1513122,0.1,-2.9
1082045,-20.4,-25.4
1519418,-26.8,-21.2
1580830,92.9,125.9
1639666,-0.4,5.4
1401561,6.6,9.4
1631639,13.5,-6.0
1661149,10.4,131.7
1309342,-15.9,9.1
1781880,-0.0,23.0
1415996,9.5,-4.9
862853,-37.0,33.6
1127544,-6.2,-5.1
1767307,65.4,68.2
1438848,-21.3,-13.0
1349654,7.1,12.2
1805754,-2.0,4.5
1802743,2.3,6.5
1094749,-5.4,0.2
1323276,-1.7,289.0
1537147,-15.2,-12.4
1730469,97.0,120.1
1466697,40.3,75.8
1716399,16.5,21.2
1218179,-22.6,-26.3
1019754,67.3,212.6
1812177,5.5,17.9
1067324,100.6,-1.2
1803237,93.0,132.3
1803005,-12.7,-2.5
1694886,117.1,-3.1
1535845,-12.3,339.7
1442891,12.5,20.3
1697855,-3.6,45.4
1387723,-4.7,11.9
1122490,-5.6,-3.2
1594061,-8.4,29.1
1218710,9.9,-1.1
1140474,14.3,0.4
1217758,3.9,4.9
1085867,-2.6,-7.7
1569766,-12.3,-10.2
1724264,2.8,-1.7
1085635,2.7,-2.8
1536630,-3.5,3.6
1599746,4.6,9.6
1527570,-28.8,-24.0
1575301,15.0,15.1
915287,-21.2,-16.7
1299939,-1.6,-22.0
1618376,32.6,33.2
1471085,30.0,26.5
1596355,-13.0,-14.0
1607355,-6.6,-3.4
1712533,2.6,6.3
936698,61.2,-6.9
1105087,10.1,30.5
1569137,1.9,-3.2
1587643,135.5,247.6
1102256,-6.7,32.2
1650290,13.8,16.3
1761663,33.0,19.8
1800687,12.2,15.5
1756485,-14.7,5.1
1776082,31.8,41.1
1650654,7.4,3.4
1426319,-6.6,-1.2
1798756,-2.3,1.8
1735513,-7.6,-1.9
276101,-13.5,-0.2
1447578,7.1,8.6
1425930,143.8,20.3
1356249,10.7,13.7
1541399,0.0,3.8
1469475,-12.4,38.3
1679118,8.6,9.7
1537319,0.4,28.1
1317679,-22.4,8.3
1478735,6.0,-0.2
1280043,-0.4,1.9
1705716,1.2,2.6
1353394,27.1,30.2
1307878,-8.3,-1.1
1691908,-17.7,11.7
1142941,-1.3,3.0
1776821,9.0,12.2
1693809,-6.2,74.4
1029730,19.3,-29.7
1679543,14.2,13.7
1453381,-4.8,3.7
1730896,51.0,50.3
1535227,45.9,137.9
1683059,53.9,31.6
1468792,3.1,16.8
200724,6.8,8.7
1799677,4.2,11.3
1705711,-13.3,-9.7
1007295,17.0,132.9
1434845,-0.1,2.9
1652594,8.2,18.7
1671716,6.7,16.0
1535811,-1.8,13.8
1228773,-38.3,-31.5
1483938,4.0,195.0
1455288,87.7,-5.8
1569356,20.4,66.6
1800620,-18.3,-16.9
1409751,13.9,10.4
1022314,0.5,1.8
1730630,4.6,5.7
941560,6.5,7.4
1411133,8.5,27.7
1133119,-3.8,6.7
1728436,-13.0,-10.8
1044905,-5.9,-3.2
1599371,-22.8,-22.8
1082215,-4.8,-1.5
1489859,-11.8,-11.4
712534,3.8,47.6
1566113,-2.5,-2.4
1623707,12.1,23.5
1600585,6.1,-13.5
1329375,-19.5,-16.5
1744317,102.7,152.1
1721780,-2.3,2.4
1803255,73.1,62.3
1802387,67.3,87.4
1609098,-3.3,-3.5
1668256,3.9,10.7
1322590,77.3,-1.6
1561790,158.1,24.8
1803058,13.4,24.6
860561,0.8,4.1
1614986,50.5,108.4
764112,-16.2,-12.5
1662906,12.8,14.5
1158274,-6.7,-14.1
354923,-7.0,-5.8
1389610,-29.0,-28.1
825161,-7.4,-9.0
937522,-9.2,-8.5
1599511,6.6,8.5
1388736,3.9,10.6
1555909,-39.6,-4.9
1520354,-2.2,1.0
1596901,-2.6,12.1
1115419,-67.0,-71.0
1106832,-19.7,-16.6
1482689,-0.2,21.7
1591744,-13.9,-13.6
1013234,-15.3,-23.5
938552,30.5,-16.4
1759803,3.3,7.4
1767730,4.9,19.8
1766286,-8.0,2.6
1387322,15.2,27.1
1505817,4.8,2.4
939222,0.2,-1.5
820289,-35.7,-28.4
1310658,-6.0,5.7
1397144,5.6,0.5
1384305,-20.4,14.1
1768111,169.2,313.1
1596906,-0.6,3.1
1715579,-1.9,-9.6
1424447,6.4,-9.9
1575151,-3.9,0.5
1534561,7.4,119.2
1633901,29.8,22.2
1454502,2.5,7.9
1080117,79.3,7.6
1783773,11.8,14.7
1335382,-7.9,13.8
1426774,-7.5,-4.3
1315785,0.1,8.1
1780330,2.1,5.6
1697665,25.2,159.0
1303042,34.3,37.1
1546989,7.5,17.1
1584639,18.6,35.0
1512808,-34.4,-37.3
1597843,-2.2,0.5
1568679,-5.7,-1.5
1053914,-2.2,-10.9
1018674,-4.0,167.5
1324869,-16.4,-30.1
1599747,19.8,60.8
1316507,-8.7,0.7
1549358,-3.8,-2.6
1181544,75.2,4.6
1734460,1.9,6.7
1770710,-6.3,61.7
1398739,-11.5,-9.8
1705929,-7.6,54.1
1761450,2.8,10.8
816788,-9.4,-5.2
884546,9.6,-1.8
1583672,0.9,146.6
1056491,-19.5,-40.7
1666363,11.2,-30.5
1584691,19.9,18.8
1379495,12.4,-1.6
1434689,-11.9,-7.3
1730808,1.2,4.1
1454308,19.9,21.2
1714093,-2.3,-0.2
1040190,-5.4,-1.7
1625800,5.8,10.6
1569758,-20.8,-13.9
1441888,2.1,-0.7
1483738,-9.4,2.9
1767559,7.4,3.7
1631864,12.0,20.0
1502631,-6.9,47.0
1080173,-5.1,-3.2
1482880,31.7,37.1
1423296,-6.5,-2.2
1430681,-4.1,-0.8
1105876,-1.5,3.2
1799877,12.3,23.0
1733219,-0.4,1.1
1473182,15.0,19.7
1281761,-6.7,10.1
1543830,-12.1,-12.6
1279342,-21.8,-13.7
1677440,39.2,39.4
790354,-13.3,26.3
1734493,4.4,19.8
1730033,54.8,66.8
1036325,-21.2,-16.7
1269786,-12.0,-17.6
1774727,5.2,15.2
1166385,-9.3,-8.4
790502,-12.6,-11.6
1582561,4.3,-1.1
884541,2.0,17.4
1441843,0.4,-3.8
908733,-61.4,-44.7
1504169,-8.4,-6.8
1157436,-3.5,52.1
1803236,22.9,24.9
1041283,8.7,-2.2
1593842,15.0,17.7
1224324,-19.6,-3.0
1123778,-12.1,0.4
1760578,33.8,40.8
1512237,-0.4,2.5
1081407,-13.8,-14.0
884548,-3.6,-1.4
1080383,-8.4,-6.5
1787147,3.2,4.6
1584801,5.5,10.8
1434819,-3.1,4.4
51964,-12.2,-13.6
854157,-9.0,-5.6
1599923,-2.5,18.3
1694079,-2.5,1.9
1483503,20.5,61.1
1328450,-3.8,-24.0
1740140,1.8,4.0
1666736,18.4,40.0
887762,-14.7,-6.6
1109448,-2.9,6.1
1799284,38.4,8.6
1626220,16.0,16.4
1452208,-4.2,28.8
1468395,-28.3,-22.0
1650092,-0.9,4.2
1731123,4.0,4.4
1803456,15.8,15.2
1134152,-0.2,8.0
1672594,-5.5,-4.9
1380393,16.2,-18.5
1306333,-3.7,9.3
911274,2.2,16.4
1527781,28.8,44.0
1427263,14.6,78.1
821103,-7.2,-1.7
1812178,-8.3,2.6
1821168,4.7,7.6
836372,-8.5,-8.0
313028,-17.6,298.9
874791,-2.0,45.9
1484148,27.9,28.4
1359262,-0.5,7.9
1765690,11.8,11.8
1540826,-6.9,-3.2
1558481,-9.5,-4.5
1332905,6.3,18.3
1731124,-9.4,-8.9
1542927,9.2,9.8
1450558,-2.5,0.3
36066,-1.1,4.4
1760540,22.5,78.0
1698481,-9.5,0.6
1767301,6.9,7.1
1484721,4.9,13.6
1795816,44.9,25.9
1521079,-11.7,-12.3
1642160,10.2,13.0
1483796,-5.2,8.5
1757706,5.0,8.1
1304857,27.3,26.6
1143261,26.3,208.6
1482012,15.5,-6.9
1469026,29.0,88.8
881432,-8.6,-2.6
1349434,6.6,10.2
1159159,-18.1,-8.6
937729,-7.7,-2.4
1028874,5.4,9.7
1764386,19.0,23.5
1418421,-2.3,2.7
1602476,-8.4,-0.9
1550228,-2.4,6.7
903944,10.2,57.3
1074902,1.6,328.9
1603937,3.9,7.7
1521422,-51.9,355.2
1524362,5.7,62.2
1413654,-17.9,221.0
1621855,22.7,41.5
829108,-10.2,-12.3
1747799,12.3,15.3
750577,-7.6,-18.8
1743937,63.8,179.2
844150,9.3,198.1
1686988,33.3,86.2
1271347,22.4,8.8
1483339,-30.8,-38.6
1733082,28.4,33.6
1574886,6.5,25.5
1569537,14.2,6.8
918537,-11.4,-13.4
1484540,20.0,33.1
1075444,0.3,1.8
1091860,-7.9,-0.7
1307877,-6.3,118.7
1728866,12.6,18.8
1569395,20.7,51.2
1511881,-7.0,2.0
1761435,-1.5,12.4
1612041,60.6,17.9
1635663,22.3,185.5
1594492,245.5,12.2
1324659,-7.1,-4.9
1420816,-8.9,0.9
1736736,3.7,7.1
1461287,2.8,6.4
1715329,-1.0,30.9
938759,-3.6,1.2
846600,-0.2,0.7
1115418,-0.9,-0.2
1482688,10.7,16.7
1695908,-0.8,0.4
1769031,-1.9,0.2
1593688,-1.6,0.4
1725910,11.1,14.0
1351063,-12.6,-2.8
1463524,5.2,-1.2
1351407,2.6,12.0
1659346,1.8,39.5
1633799,24.1,46.6
1352871,-5.1,-2.4
1680843,34.7,41.3
1582151,7.5,12.2
1441689,3.4,3.0
1591546,9.7,10.3
1659189,-13.9,-33.2
1704404,20.6,324.8
1388168,22.2,20.5
1591122,22.5,95.6
1519676,2.2,1.4
1380137,0.4,3.1
1803898,-1.2,0.5
1731717,-3.1,1.8
1439303,9.0,6.6
1218583,-30.1,-34.5
1714450,-11.6,52.1
1357993,-27.1,-30.4
1081668,27.8,70.7
1166573,-11.1,-9.2
1606477,-2.6,2.9
1698246,60.6,61.9
1810023,13.4,20.6
1166741,-12.4,-5.4
867926,-4.1,-3.7
1697493,28.6,36.3
1811308,1.5,322.0
1201001,52.2,55.8
1132668,-29.6,-33.3
883965,-13.5,-17.5
1494179,-8.9,-6.3
1511888,-12.4,-6.3
1029160,-14.6,-16.4
1730890,-3.2,-4.8
1727827,-1.4,-21.4
1787125,9.8,14.4
1388391,9.5,12.2
1398103,-14.9,-12.5
1535477,3.3,5.9
1542179,-17.5,259.2
900169,-8.8,-3.1
1051042,-5.8,-4.3
1646192,-33.2,-50.9
1472800,0.1,7.9
1654033,-3.3,-0.1
1556921,42.9,23.3
1635236,-3.7,-12.4
1114702,-9.2,-3.5
1767151,8.1,17.4
1598894,-11.3,91.7
1730404,10.0,16.5
1803291,16.5,22.8
1776023,-2.7,9.3
1140042,-18.6,-29.5
1609251,0.6,2.4
1599383,47.3,52.7
889232,4.9,46.7
778925,-19.8,-20.5
1272164,-2.5,126.6
1179791,-6.0,360.9
1364725,2.7,43.7
1712901,6.3,6.6
1541353,-2.3,-0.5
1729516,-6.9,-2.6
1039765,-12.8,2.9
1767952,2.3,7.4
1314376,-4.2,28.7
1352107,-28.6,74.9
1399706,-3.4,4.6
905790,-8.4,-4.8
1524828,19.1,36.3
1331693,-15.5,24.2
1665853,-12.6,-21.1
1144903,1.3,9.2
1653169,123.0,44.7
1433541,35.7,41.6
1692252,1.3,24.9
1481986,148.2,270.4
1330325,-13.6,-11.0
1259664,-12.9,-22.7
1802655,2.6,7.2
1013143,5.4,11.3
1218254,-10.3,-6.7
1418333,-6.5,15.1
1534843,9.2,10.6
1484067,26.5,44.7
1541448,5.8,6.6
1112325,-8.7,43.5
1713390,30.8,52.8
1482390,-25.3,-28.7
1725296,-7.5,279.7
1633275,14.4,10.9
1765774,-0.8,-3.7
1142031,-5.6,-5.3
1134283,-16.8,-13.1
1794820,2.9,9.9
1674546,36.7,19.1
1803919,-16.4,-4.4
1642216,-3.4,0.1
1581655,78.7,139.1
1766561,-17.8,-22.8
1094499,-1.0,-6.4
1046187,110.3,-9.5
1747888,30.3,19.5
1802493,-15.7,-4.6
1018331,8.9,25.1
923093,76.9,2.5
1452929,-29.3,-39.4
1728121,-4.8,-3.7
1473434,-9.5,60.3
1322613,-11.5,-10.0
1693141,25.5,53.9
764068,2.0,17.4
1568303,-6.2,-11.3
1802494,-2.4,1.9
48966,12.7,-20.9
1654710,-32.4,-58.1
1015247,-0.8,-0.5
1092903,-1.3,132.2
1568555,-4.7,-3.1
1804909,15.1,14.3
1592413,23.4,54.4
897070,-9.8,-11.9
351173,-16.6,-15.7
1582681,-0.5,-19.2
1698750,7.6,53.4
1308523,-32.5,-12.8
1605522,-6.1,-2.8
887818,-7.4,-7.5
1706013,30.2,31.4
1281011,-7.6,-6.7
701853,-9.3,-21.4
1430308,-26.0,11.3
1802838,-12.4,21.9
1476179,-22.1,-0.3
1520478,-1.3,61.3
1595855,1.0,4.9
1461133,-23.2,-9.4
1021249,-14.4,22.9
905567,-10.7,13.2
315038,-3.2,0.8
1475365,1.3,-1.8
1365324,12.0,2.0
1576654,-3.1,0.9
1753218,4.4,6.7
1644329,-1.5,9.9
1316622,-13.5,-15.8
1572664,48.6,-2.8
1720980,112.2,82.9
902584,-29.6,-22.3
1766908,25.3,34.8
71210,-9.4,67.9
1113000,-14.2,-13.2
1110443,-46.1,-38.3
1664147,-6.1,-3.2
1767220,-1.1,3.5
1549042,3.8,4.6
813917,-10.7,-17.1
932540,3.7,-2.4
1634865,-7.9,-14.1
1475150,-9.5,30.3
1315868,-7.9,-4.2
1633288,15.6,17.7
1595852,23.3,-6.9
1772954,-1.5,-20.5
1033324,-1.8,1.7
1724140,43.8,84.8
1056581,-2.0,100.0
1812095,34.1,41.5
1802451,-4.1,-4.2
1140334,99.8,7.5
1767471,30.8,41.1
73124,-5.5,119.6
1733755,-1.6,-7.4
1750451,-36.7,37.1
1731466,-3.5,1.2
1739439,19.1,19.5
1061165,-18.4,-16.1
1600035,6.4,16.8
1528214,18.4,22.6
1633673,-19.4,-21.1
1789351,10.1,17.5
1767617,2.5,14.5
1074027,-3.2,-2.7
1803523,28.1,27.9
1079738,-0.2,-4.5
1642274,-10.5,6.0
1777015,4.7,-5.3
1637643,-20.3,-24.8
315054,74.7,31.7
101199,-10.9,-12.0
919530,-9.2,-7.5
1750405,-11.2,5.9
1599603,5.8,37.7
1555829,-9.2,-6.5
1525362,40.6,2.5
1680365,-3.7,0.1
1663900,4.9,8.3
1103804,-3.1,-2.9
1079397,-35.9,-28.1
1802862,-8.6,-9.1
1058470,-22.0,-18.5
1581298,11.9,13.8
1300714,58.4,24.7
1782124,24.3,7.7
1624865,1.4,-0.4
1446114,9.9,52.4
1505791,-36.1,5.9
1673954,4.3,16.0
1764059,11.5,12.9
9015,68.7,-11.8
1729096,-8.1,-2.3
920441,-10.8,-15.7
1667134,28.6,27.4
1803140,-6.9,-22.4
1815025,5.0,9.3
1727762,-1.1,1.3
1592643,94.5,-1.6
1711200,12.4,364.6
1659851,15.2,22.8
1775321,-6.7,82.4
949623,2.6,5.0
1802630,55.9,155.3
1269094,-0.3,32.0
1476329,-4.0,4.2
1774207,-12.6,-11.8
932974,96.4,17.8
1011443,-3.1,44.4
1380443,-4.0,-0.4
1729866,105.7,117.1
1053292,5.1,6.9
314949,0.8,113.7
354497,34.0,37.4
1803988,-11.7,-9.0
1050417,3.2,9.0
1631775,-7.0,-3.3
1569411,4.8,11.1
1624095,-0.2,-8.1
1630806,-13.5,-9.8
1736079,5.9,8.4
1787663,40.3,43.0
1802891,3.1,7.9
1055966,-28.0,-21.9
1598180,24.1,22.3
1106129,-3.2,1.7
947772,-77.4,-88.0
1300979,-61.3,25.6
1608604,-12.1,-24.7
1800158,21.8,27.0
1315497,-20.7,-40.9
20286,1.2,8.1
1335851,44.3,40.8
949615,-23.3,0.9
1667102,-8.9,-11.0
1801413,11.4,13.4
1699622,-6.8,0.6
1142062,-21.8,-25.0
320376,-6.5,-10.9
1767070,10.9,34.0
1273960,-37.5,-35.5
1218663,13.6,20.0
1112520,6.9,8.0
1792942,9.6,17.1
1600004,10.9,9.9
752798,10.2,12.5
1748269,2.4,12.4
1106544,-16.4,-19.6
1161825,0.4,4.2
1625986,1.5,5.5
1033984,58.4,204.1
1277537,-1.5,283.7
1695818,27.5,34.5
1803149,69.1,19.6
1206792,2.1,16.1
1694592,0.1,15.2
1605911,-30.9,-24.2
1313756,24.3,44.1
1412665,-0.1,23.2
1124841,-4.6,-2.6
1696209,9.6,15.2
1036250,-37.6,-35.1
1222993,-3.3,-0.4
1761380,10.8,31.8
1598348,-0.1,7.0
1594585,-13.9,-6.5
1587192,0.5,9.7
1712686,14.0,17.6
1336885,-20.4,-6.5
1428350,-0.8,5.7
1554308,47.4,26.2
1788241,-1.2,4.4
1632551,44.8,42.5
1372130,6.9,10.5
1388076,-11.4,-14.7
1504681,31.0,25.9
1633448,5.9,6.5
1811827,0.5,-1.2
1510281,21.2,30.2
1730945,1.9,8.0
1086137,14.9,-18.0
1589661,2.4,1.6
1009022,-11.8,-14.6
1068829,-11.9,-10.0
1801619,-0.3,2.8
1566691,32.6,48.3
860645,-11.9,-6.3
1696494,1.6,5.7
1697717,24.5,13.3
1466546,15.7,3.9
1745981,11.5,16.8
1595853,-18.2,-12.7
1232395,-2.3,65.3
1768635,-5.0,-2.5
1619724,-25.5,4.3
1468428,-23.1,7.7
1577774,0.2,2.2
1631185,-3.8,-1.2
1478215,10.8,13.9
1802696,11.2,14.4
1263508,0.1,-2.5
809443,22.7,124.1
1654344,30.4,31.7
1697728,-12.4,-10.7
1722084,9.2,17.8
1596077,-5.1,-0.3
748054,-6.8,6.8
1541211,-0.6,7.0
1577773,12.1,14.1
1461790,-5.5,183.0
1753219,4.4,6.6
1350660,4.0,6.0
1807328,3.0,13.2
1350694,-1.5,-7.9
1278178,-12.4,-14.8
1325091,-12.3,32.7
898202,-47.5,-9.4
859139,-6.5,-5.6
1484265,19.3,19.1
1505708,6.6,68.2
1650373,18.4,8.8
1050442,-7.7,-5.9
1703556,-5.8,-2.4
1602730,13.3,26.8
1800556,15.2,28.7
1705655,-12.6,-9.4
1695078,4.2,15.9
1766909,12.2,17.4
1592616,-3.8,-23.1
1446179,30.2,12.2
1802691,1.2,4.3
1172036,-4.3,-0.3
1384042,1.4,9.8
1061768,-4.4,-8.5
1631943,34.5,49.1
825217,0.8,11.4
1078013,8.8,71.7
1123803,8.6,12.9
1573311,12.8,16.0
842775,4.2,7.6
1728120,34.2,38.7
1659203,26.7,29.0
1089911,-1.3,8.4
1255858,-34.3,-25.9
1104883,-10.1,-8.2
1800752,27.7,39.3
1145020,-23.8,-17.6
1767217,-5.2,0.9
1667391,44.2,167.0
1798849,-2.6,-14.2
1600435,-14.2,-12.5
1800938,147.4,164.5
1771524,0.9,-15.6
1583104,-0.4,53.8
1761742,7.3,25.2
1425845,1.1,4.7
1749914,-3.8,-0.5
1801674,132.0,173.5
1315269,-6.1,-0.6
1742998,-1.6,21.0
1697719,3.9,7.9
1635342,1.4,5.0
1107261,-7.7,-10.2
1696899,86.5,12.9
1018561,25.2,44.8
1799957,-3.3,0.2
1425041,-12.1,-13.4
1479598,28.6,35.3
1766907,31.4,36.1
1426092,-5.6,-3.4
1653168,-3.3,12.9
1803329,-0.7,0.1
752365,-6.5,-2.6
1314377,-0.6,43.4
1721608,36.5,40.0
1732811,52.4,78.6
1511550,0.1,2.9
1014358,2.9,14.9
1443095,6.6,11.1
318989,5.7,83.1
1128286,-4.6,5.8
1802459,3.9,10.1
1557513,-15.8,-9.7
1562855,30.0,77.2
1319691,-16.0,-19.9
1512910,25.4,84.0
1063497,-18.1,-19.5
1317961,-16.0,-14.5
1529735,10.8,146.1
1082509,10.6,22.7
1629984,-3.6,-4.9
1802654,-3.0,12.9
1593365,-35.8,-74.6
1548392,-3.2,-0.6
1725297,14.1,27.8
837980,-8.4,12.7
1512944,0.9,4.7
1757617,47.8,4.4
1170152,-15.1,-12.1
1056516,36.6,-14.4
1390043,89.4,0.0
1802290,9.8,11.1
1065350,2.3,2.3
1731061,42.9,49.6
1812492,2.2,7.2
1341748,-6.2,54.3
1748861,17.5,20.8
1619779,-9.2,-5.0
1800533,-1.2,-12.6
1762997,38.2,32.5
1491719,2.0,12.8
1604831,-14.9,-55.3
1772937,21.4,20.6
1713558,10.9,14.2
860644,12.0,12.3
1373017,3.0,11.5
1562230,19.8,8.7
1538846,-11.4,-11.2
919538,-20.6,123.0
1539994,-6.7,-4.3
1634208,17.9,17.0
1767049,16.3,22.0
1729869,8.3,11.3
1418359,-15.4,7.7
923469,-17.8,-14.7
1726673,1.8,3.5
1727593,6.9,10.2
1633227,-3.9,13.7
1513865,-1.4,33.4
1657134,46.0,75.0
1434997,-2.5,23.9
1740839,-5.6,-2.0
1568190,10.0,-6.2
1680964,22.2,25.3
3520,-13.0,19.2
1477836,-32.5,-26.9
1454288,-13.9,32.3
1089710,-2.0,-7.2
1286295,-33.8,-31.6
1054074,1.4,-12.4
1766157,4.2,7.4
1541617,23.8,13.7
1801881,1.0,6.0
1055951,-11.7,18.8
1482799,-9.8,42.8
1086555,10.1,71.4
1079161,-56.6,-53.7
860643,-9.3,-2.2
873630,-2.2,34.3
1207017,-5.5,-14.4
1086131,-13.1,-18.2
1600698,142.3,207.6
1732621,49.1,27.4
1549641,12.1,21.3
1729269,6.5,12.4
1643354,17.1,-10.8
1800502,5.1,7.8
1008937,-4.0,15.7
1668189,11.9,60.3
1718982,-10.4,-12.1
1632105,2.4,4.9
1053055,6.1,9.0
1603470,-29.3,-29.1
938487,-7.8,-9.7
1592828,37.2,35.3
1021223,7.1,6.8
1317904,150.0,85.3
1705265,1.6,14.4
1533457,15.0,4.9
16972,-6.6,-2.3
1462525,-12.0,-13.5
1347683,-6.1,-2.2
1300978,-7.1,-21.5
1051359,-10.7,-10.8
1373442,43.4,40.0
1092351,-14.9,-5.3
1542606,-4.0,-2.6
1647363,14.8,30.0
1441559,-28.4,-32.3
1765387,4.4,330.8
1468685,83.8,86.1
1803146,61.5,71.7
1287978,-7.3,86.9
1689646,13.4,14.9
1767040,-7.1,-3.2
1631773,0.1,36.8
1633024,13.0,15.0
1052174,-9.5,-12.2
1672070,9.2,-2.0
1691827,24.8,7.5
1569241,4.8,6.3
1661655,48.3,9.2
1598340,3.5,0.1
1777817,8.2,14.5
1566494,14.2,17.5
314984,-0.2,3.0
1512171,19.1,17.1
1542265,16.2,18.5
920440,8.6,9.4
1313792,-8.4,-4.4
1713936,23.2,39.7
1569884,0.2,1.7
1262677,-6.4,-2.1
1289643,70.8,112.9
1740837,39.2,26.3
1454424,-6.4,-2.3
1767843,93.8,205.4
1599054,7.9,67.7
1598186,27.1,35.4
1588539,12.0,111.3
1631353,59.7,16.9
1704132,-10.0,-8.3
1081198,-5.2,0.5
1790837,6.8,11.3
1585828,3.6,11.0
1569205,17.5,15.9
1599813,6.0,9.8
1730551,-1.2,0.2
1635999,6.7,19.8
1569453,-1.1,0.3
1641440,3.8,6.1
1634083,0.2,30.6
1538037,-7.1,307.8
1617201,15.3,17.4
1054233,-7.3,1.7
1765595,8.5,20.1
1449126,2.3,3.9
1482171,-8.7,7.5
1665077,75.7,68.9
1806226,-10.1,-4.1
1803566,0.3,19.6
945631,-11.1,-5.2
1085163,9.2,8.6
1352776,54.3,-5.2
1589282,13.7,29.7
1729443,3.3,8.6
1800328,23.5,26.2
1699803,-21.4,-18.5
913414,-3.8,1.8
1767699,-24.7,40.0
1315421,17.3,215.4
1598304,16.6,18.7
869589,13.1,18.1
1556245,5.0,7.8
1731448,-1.2,-1.2
1681662,35.5,111.6
1475373,3.2,15.2
1819695,-0.2,3.7
936939,-27.7,-29.8
1615135,-17.3,37.0
1739877,-2.2,1.1
947996,-11.5,-8.7
707179,5.2,0.5
1107075,-7.0,15.3
1698777,-9.9,20.2
1558313,18.2,77.5
1279627,7.0,50.3
1641447,75.7,152.8
1688511,6.9,28.2
1037792,-13.9,-17.7
1599814,13.0,22.6
1328331,-6.9,57.2
1082970,-8.1,-11.2
1575239,23.6,113.7
1484047,-7.4,-5.7
1055544,-1.1,3.2
1627003,64.7,21.1
1352924,9.4,106.3
1748814,10.6,28.4
1781942,17.6,24.1
1607636,0.9,6.9
1578370,1.7,14.0
1690717,-15.3,-14.8
1752579,0.7,-0.5
846797,-2.6,-0.5
1021258,-4.5,0.8
820743,-30.5,-31.4
1549408,-0.7,5.2
1665887,143.8,-0.3
1569833,-7.4,-0.8
1567195,8.0,15.2
1729212,8.5,10.0
1575662,-7.6,-4.0
1733788,1.8,13.0
1013538,-7.4,-8.3
1731446,65.1,62.6
1768089,1.4,7.3
1106191,-10.5,-4.5
1484085,4.6,56.7
1387615,-8.0,-5.9
1483066,52.3,28.7
1474069,27.1,101.3
1569650,-13.3,7.8
1050464,12.8,21.1
1670104,34.7,36.8
1599822,87.6,118.2
1346378,0.1,4.7
1722638,2.9,2.8
1804329,43.0,44.6
1559832,5.3,9.3
1096783,2.3,7.4
820123,28.3,10.9
1802816,2.6,9.1
1165408,-8.6,0.9
932752,-28.2,-28.7
1446194,7.9,17.7
1783412,13.3,34.7
1800745,4.5,1.1
1664503,2.0,8.5
1595082,27.8,17.2
1630243,11.5,7.6
1664193,51.8,52.0
1667140,-2.8,-0.4
1592405,20.2,16.7
908431,-13.5,-1.2
1424177,-4.9,-0.2
1159457,9.4,0.3
820124,-18.7,-15.8
912160,-9.8,-3.6
1469528,23.1,22.8
1317724,-12.6,-11.9
1675688,7.3,33.6
1581811,-7.0,-10.2
1085393,-13.6,21.6
1657980,1.9,4.0
1748240,2.7,17.5
1729045,-5.0,2.7
1697791,-4.3,-1.8
1352526,0.4,2.3
1453415,2.8,0.7
1317784,-6.5,-2.5
1567752,-23.2,83.3
1006249,4.3,-4.3
1579668,19.8,22.7
92230,54.1,26.8
1386935,8.5,214.8
1777469,60.9,121.7
1727917,7.2,11.7
1596461,-2.2,-14.3
887402,12.7,347.4
1039807,-6.5,-3.8
1666664,0.7,19.9
1280511,44.8,-28.1
1584362,-26.3,-10.8
1789382,6.4,14.0
1556218,1.5,8.3
1535578,-14.8,7.7
914208,-5.6,-10.1
1479983,-14.9,-23.8
1021008,-2.9,0.6
1569099,8.8,9.5
40729,11.8,8.3
1259887,-2.9,-2.4
1439805,-10.4,-18.7
1567755,56.0,27.7
810716,-4.3,-2.2
1387814,-38.0,-54.8
1116992,-25.9,-24.8
1627608,48.0,80.4
1697796,69.1,5.5
1506796,-6.3,-3.4
1759751,-7.4,-2.1
1129919,-18.2,-13.5
1115941,-17.6,10.6
1364615,14.1,-2.8
1715228,21.4,28.6
1599882,5.8,5.3
1134007,-24.2,-22.8
1428948,18.1,23.8
1323119,125.0,3.9
1720336,15.7,276.1
928633,-0.5,6.3
1650301,24.9,32.9
1748278,9.1,11.5
1139986,-3.0,1.0
1091961,-0.4,2.7
808722,-22.1,46.0
1135121,176.3,281.2
1539948,9.1,17.2
1326234,18.2,24.3
1068809,-40.0,44.3
1034188,-1.8,-3.1
1540141,-2.9,-0.9
1597549,1.5,-20.5
1352187,11.9,348.3
1686242,0.2,384.9
1687156,-0.0,0.2
837592,-4.6,-1.5
1729848,-8.9,72.0
1333978,11.9,9.2
831457,2.5,5.1
1773830,4.2,6.8
1607239,-0.5,48.1
1102598,24.6,-8.5
1610880,1.1,41.6
1438129,26.1,5.3
1518235,48.6,19.9
1016683,-4.6,0.3
1689007,13.3,12.1
884414,-1.1,-2.4
1061187,-24.7,-28.0
1099762,10.3,14.0
1305841,-13.1,3.8
1512991,22.2,6.8
1443689,-24.8,-14.8
1803397,5.0,13.2
726854,2.7,6.0
1767601,24.2,30.0
1569064,3.9,16.7
1797873,7.7,11.9
1767433,4.2,20.2
1585047,60.8,-1.3
1759760,56.4,100.8
1025835,-6.7,-4.1
1076598,-1.3,1.2
1096978,8.5,33.6
1036248,-14.4,-12.6
49205,-2.2,-0.9
1563592,25.7,55.7
1065349,108.3,5.7
1574717,5.4,22.9
1668155,0.7,16.9
1009005,-12.6,-9.3
860662,9.0,-16.6
1653926,2.7,21.7
1773206,34.9,20.1
1167553,-27.1,-10.2
1738902,7.6,-2.6
1014315,-9.5,143.3
1616525,-10.2,-26.5
1534468,18.2,9.2
1126735,-1.4,191.6
1483467,0.2,4.0
1729428,8.9,12.4
1351950,-8.4,-5.5
1637460,-5.8,-11.4
1389974,-19.9,-48.1
934639,-13.4,-15.0
1540945,-15.2,-30.9
1803156,-5.9,-7.9
1541897,8.9,7.9
1763404,-8.8,-6.8
1767898,3.2,8.1
1553936,-4.0,-4.1
1801265,47.3,40.4
1106590,-8.9,6.1
1804717,6.4,7.0
1689232,2.6,4.5
1731275,-1.0,1.8
1743404,57.7,59.8
1606720,61.8,46.5
1595077,17.5,11.7
1731216,7.9,15.7
1277779,-18.7,-9.0
1749768,12.8,2.3
1567738,11.4,14.0
1108831,-16.4,-19.0
1766929,55.6,12.0
1725888,-6.5,6.5
733986,27.5,32.6
1802013,-0.9,6.3
1132356,-0.6,2.1
1767457,-13.4,-14.6
1034771,1.1,7.9
1483060,-13.2,10.5
1784093,5.6,8.2
9631,-5.3,35.1
1399386,-4.9,-2.3
1426083,34.7,41.8
1009254,-0.7,5.8
1632972,70.6,41.6
1340614,-19.5,-13.7
1739878,-7.3,7.2
1103882,-5.8,382.3
1595880,18.0,22.4
1800911,-0.8,0.9
1766788,-14.6,-12.5
811808,5.1,39.7
1567397,28.6,24.8
1771169,-1.1,2.9
1137429,-11.4,24.5
944388,-0.2,-12.4
1737112,10.1,14.2
1747057,15.3,21.4
1697398,41.6,17.2
1026081,-14.1,-12.0
1106500,-19.5,-19.6
1140315,30.6,54.9
1633050,1.4,38.6
1052100,-17.4,70.6
1651424,30.6,26.7
1731447,6.1,7.7
1667146,7.8,5.7
1565854,15.8,15.1
1089755,-26.5,-31.1
1632512,-1.2,1.7
1593387,21.1,53.9
1318103,-8.0,-10.4
1631738,-1.8,7.4
1599212,2.2,8.4
1513211,-2.3,6.8
1158583,0.1,2.3
1313978,-0.7,60.2
1616328,10.2,20.0
1524493,-2.8,-4.2
1544576,25.4,24.3
1123812,53.2,8.1
1393825,21.7,52.0
861176,-8.0,17.4
1483864,135.2,-2.6
1709622,85.4,29.9
1800916,-1.8,331.7
1504404,-0.4,12.1
1093694,-3.4,-6.1
1681004,-1.3,8.8
1739043,20.4,25.0
1141802,31.9,17.1
1443077,-0.5,26.0
98758,0.5,2.3
764611,5.4,8.5
1794034,1.1,11.5
1569667,-6.6,-3.2
1775391,3.4,9.8
1097833,-17.7,-12.8
1727342,1.7,5.2
1766918,9.7,14.5
1228242,-10.4,-9.6
1390205,-3.7,-2.7
1531721,-0.7,25.8
1162870,-28.5,-12.8
1729677,11.3,3.6
1706836,10.9,13.2
1599016,-2.6,0.6
1565061,17.1,50.2
801051,-2.4,1.4
1234074,-24.6,48.5
1424381,-1.2,-7.7
1765594,8.4,22.1
860862,-13.8,-25.0
1697953,16.6,16.0
1620220,10.2,10.9
1803593,27.9,26.2
1131181,45.5,28.3
1569036,82.2,6.2
1587114,19.8,86.4
1569452,43.1,70.7
868491,-27.6,-25.3
1510809,1.8,72.5
1463217,12.4,10.0
1505183,2.4,1.8
933482,-6.4,-4.0
1633862,4.4,6.6
1388838,-16.0,12.0
1636974,-14.7,50.0
1577133,21.3,32.4
1299434,30.9,97.4
1478861,-53.2,-45.2
1252007,-6.0,-4.2
1511381,-20.1,-28.4
1332632,-9.3,46.0
1763608,13.7,49.9
1624049,-22.4,-17.4
1501577,-23.9,14.8
1079373,-8.1,-10.3
1649647,-9.2,-9.7
1539947,6.0,6.7
1089991,-33.2,320.1
1385925,-4.4,-0.3
1456534,-19.3,-46.8
1135778,-21.6,-18.7
1540944,-0.4,5.8
1603466,1.2,-6.8
1009209,81.6,74.8
1767297,9.9,30.1
1656456,11.8,-7.5
1665446,-4.6,7.8
1766721,24.7,-43.0
728100,-17.9,-11.9
1801264,87.9,65.2
1353098,75.1,-4.7
1438574,-6.0,-15.3
36104,-1.0,-2.0
1106565,-0.8,-4.2
1358828,-10.0,-2.2
1138060,-6.0,-1.4
1504492,-9.5,-4.6
1542287,11.6,38.5
1419099,-14.4,-2.3
1631930,-6.4,-5.6
1767855,4.2,8.2
912938,-5.6,-3.2
1576422,-38.6,-42.0
1009003,-1.8,-3.2
1692227,3.0,72.8
1802881,-18.4,32.5
1288125,-7.3,-18.8
709089,4.9,6.6
1752148,-23.4,-1.8
1737987,2.5,-2.2
1163902,2.1,6.2
1103646,-14.0,-1.5
754811,2.8,8.8
1802244,-3.6,7.7
1491998,31.0,43.5
1357867,6.8,13.2
1767056,9.4,9.9
1447228,26.3,59.1
1811005,-10.4,24.4
1426449,1.8,50.8
1801263,8.4,1.6
1708759,-1.3,4.8
1138897,5.4,-19.1
1334199,-14.2,81.9
1818940,5.5,7.1
1128239,-31.1,-34.6
1061186,21.0,31.7
1509510,-2.7,0.4
1390063,-3.0,2.0
1336098,-10.7,-6.7
1587381,-4.5,-4.3
1702435,-27.1,-24.0
1068837,8.2,0.7
937886,-1.6,2.9
1596800,-5.9,-4.3
1109147,0.5,5.0
1767863,15.3,19.4
1350879,13.4,43.3
1666239,7.3,10.7
1734398,-0.6,4.9
1784450,21.1,23.9
1165805,0.5,3.6
740272,-19.6,-27.2
1394866,1.2,7.3
1084683,4.3,6.0
714364,12.8,6.1
898427,67.4,-20.5
1536592,28.5,151.2
1477024,6.9,-12.7
1642058,159.0,22.2
1009207,-7.8,-15.4
1367401,6.3,7.7
1510434,14.8,17.3
1386792,-0.6,0.4
1726808,12.7,16.1
1445911,17.5,15.7
1320769,-17.0,-11.9
1762344,-5.1,-8.4
1808748,18.8,32.4
1607231,-17.2,-22.3
1740642,11.8,30.6
1054257,-4.1,3.5
1169069,-10.5,-3.2
1422219,-68.6,-63.8
29915,31.2,29.3
928400,-8.8,-11.8
1056958,-17.4,-9.8
1185072,2.3,21.4
1707975,26.0,13.9
1504665,56.6,54.7
1346543,-5.9,359.6
1732854,-29.2,-30.5
1762718,-4.2,6.5
1719087,7.3,104.9
1646639,31.4,40.2
1415201,-1.9,-0.9
1536105,-10.2,-11.7
1697790,-4.6,-4.3
1713112,1.0,6.4
1394096,-6.8,2.6
1569292,15.4,20.0
1592450,49.2,64.4
1665642,23.9,2.6
1750423,-7.6,20.0
1288917,-3.1,77.8
1618824,-0.6,-11.9
1317588,-12.4,-11.7
1409661,25.7,20.5
1802611,8.0,11.4
1218210,2.7,8.3
1729847,5.8,11.6
1811034,3.0,-10.8
1650135,-12.0,-10.1
1591505,9.8,2.1
1358706,-1.1,7.3
1661532,15.8,118.1
1730818,-5.4,-3.7
1633343,109.1,22.9
1593404,-4.1,-2.8
1811522,30.2,20.2
1616004,-6.0,-3.4
1626691,7.6,269.6
824468,-11.7,58.8
1801112,0.4,3.5
1671754,12.4,5.1
1770532,15.9,21.2
1749824,70.8,107.7
1631084,-1.8,1.7
1550057,0.5,3.8
948669,4.6,4.6
932024,-12.3,-11.5
1720887,172.3,206.2
1729304,1.5,4.1
1569119,2.0,7.1
1272544,-4.2,-10.8
1551727,-0.0,-0.4
1512440,9.4,5.7
1029311,-11.7,-16.2
720672,10.3,-7.5
1119254,2.8,5.2
1092203,11.7,-13.5
1568235,-3.5,1.5
1722512,5.3,6.9
1269134,3.8,2.7
1630363,-8.7,-15.0
1306923,-8.7,-6.0
1381055,-6.6,1.2
1299910,-16.3,-13.2
902219,-6.6,-0.8
1701132,0.3,5.2
1133197,-8.7,12.9
1025948,-16.3,-22.5
1802132,-20.3,206.4
919497,-4.9,2.7
1605070,32.1,53.2
877338,-11.6,-1.5
1744955,-10.3,-5.6
1638555,22.3,31.7
1080197,-6.4,-3.8
216851,-11.5,-9.8
1552999,-2.1,2.4
860176,-7.6,-2.6
1763921,6.1,-3.5
1577216,11.5,4.5
1797135,-2.6,4.2
1729303,18.4,20.5
1080351,-8.8,-3.6
1751817,11.8,65.3
813470,-50.3,-52.0
1387369,19.8,20.9
1730478,4.1,178.6
1801547,-0.1,1.2
1053136,-22.0,-32.3
1164632,-6.6,-4.0
1556168,5.4,8.5
891287,-0.8,3.3
1733456,-19.5,-19.2
1342857,-0.6,2.8
1535862,24.5,30.4
1324279,-4.2,-8.2
1423875,-18.9,-7.3
1602263,-10.1,-7.8
1569117,-6.9,-9.3
1508120,-8.1,-2.2
1456228,10.7,26.1
1475896,24.4,28.7
1585550,1.6,3.0
1535061,119.2,95.6
1056823,1.9,52.7
1059057,11.1,25.4
928749,-54.3,-37.0
1356202,-12.3,-4.9
1083340,-3.4,-0.8
1748766,-1.1,8.4
1587836,20.8,22.9
1703208,4.9,10.6
728882,-57.1,-50.8
1555170,40.0,28.7
1384982,65.2,-8.1
1663865,-9.4,192.6
937567,4.3,-17.2
1608108,12.0,19.9
1593600,-14.4,-5.3
1483170,-3.4,8.7
1279151,-10.9,1.8
1559771,15.0,19.0
1803673,6.1,8.0
1104186,-7.1,24.9
1048921,6.1,17.2
1731134,17.4,30.6
1542339,-6.5,-31.6
1725362,37.3,29.7
1766005,3.2,6.3
1169318,-10.1,-2.8
815917,67.8,237.2
764739,26.3,24.3
18349,3.0,2.0
1694435,51.5,48.6
1567889,6.5,8.8
1056488,-11.5,-5.9
1743987,25.9,105.4
1802900,36.1,40.9
1415345,-9.9,-0.4
1630709,-12.5,15.0
1694297,-3.6,-1.1
45319,-7.3,2.2
1695345,3.1,2.8
1766806,33.5,215.5
1511697,-22.7,-13.3
1599795,78.0,27.0
1352261,-2.6,-50.2
1784547,33.4,9.7
1798924,-5.3,4.3
894309,-4.5,24.3
1694461,-6.8,-1.2
1590228,15.2,19.2
1683046,76.3,136.4
1799802,-38.8,-52.8
1356407,-8.6,22.7
1525092,-11.1,-11.7
1730610,-4.4,-3.0
1802365,47.4,78.4
1625244,-8.2,118.0
1767513,0.7,-9.7
1580415,-9.2,-34.4
1525865,-7.7,-1.9
1802533,-8.5,-4.1
1742654,-18.5,-6.2
1729359,21.6,28.9
1597690,-7.7,-8.2
1803415,5.0,15.5
1698055,11.4,9.2
1812103,23.2,29.3
1597200,-0.9,2.3
1164833,-10.9,-9.6
1529832,-19.6,2.5
1513193,-8.4,-17.9
1705399,57.7,66.7
1000097,-16.6,-10.0
1026303,-58.7,12.3
905608,-17.7,6.2
1166767,40.8,37.8
1496637,-8.9,-7.5
900974,-7.1,44.7
1730889,4.0,2.8
919859,4.8,-0.8
1633570,50.2,-10.1
1316915,-26.8,-30.4
1802534,1.6,4.1
885415,-7.3,90.0
1751412,144.8,159.1
1695320,18.8,102.9
1609074,30.4,35.0
823621,-16.4,-8.2
1583864,9.2,126.9
1504744,9.6,13.9
1426754,-4.0,-2.6
1695582,7.4,12.4
1432354,10.9,28.5
1669733,2.0,1.5
891478,4.9,23.2
1586986,116.3,22.8
1767945,-7.7,-49.0
1424467,3.9,4.3
18748,-5.5,-2.6
1730083,17.0,18.4
1352895,-3.6,-7.6
1801373,-12.2,-8.1
1700272,28.8,29.9
1339908,-4.3,5.2
1558858,3.0,12.2
1700286,-4.6,-8.4
1652327,-5.3,-5.6
1688666,44.1,51.5
1358331,-8.8,-16.8
1387130,-3.5,0.1
1322924,-1.6,1.3
1767710,-2.5,0.1
1801989,4.1,9.2
1283072,-19.7,-30.8
1646343,27.9,-35.4
1687078,1.5,-27.0
1520710,-15.4,-17.3
1276144,-18.4,-22.6
1762068,7.3,12.5
1551787,27.7,-46.1
1439589,20.1,367.5
1352859,-21.0,-18.6
84616,7.0,-2.9
1576151,15.1,22.8
1560808,-0.1,2.4
1731169,12.8,12.0
1511291,12.0,12.3
1238990,-5.0,-6.6
1119032,-3.2,-4.1
1387761,8.3,10.9
894300,-2.5,2.7
1710477,14.4,82.4
1140436,-1.9,7.1
1085825,-15.0,126.9
1591307,-34.3,37.6
1600307,5.1,4.7
1767141,-13.2,-13.0
1389059,2.5,0.3
1802195,6.1,66.4
1713662,42.7,145.6
1766067,7.5,6.6
1767989,2.5,5.7
1716774,-15.0,-32.8
1317802,2.6,176.1
1021117,-6.0,-0.9
1280604,-5.4,-1.3
749044,-7.7,-0.2
1799054,10.7,13.7
1164062,-10.7,-3.5
1463559,-13.4,-6.1
1496201,5.1,-18.8
1127761,-26.4,-23.5
1776296,61.1,148.9
1765681,89.3,11.1
1706327,32.5,25.0
1704642,-16.4,-14.4
1730477,2.0,4.8
1626494,-4.8,141.2
1321993,13.3,21.1
1387366,3.4,7.5
1798172,24.7,39.5
1597864,-11.3,-7.5
1535631,-17.2,-8.7
1741619,-0.5,19.8
1160099,-18.0,-15.8
1695344,11.8,81.8
1313294,-3.3,-1.9
1353312,-19.8,-6.9
1801926,26.6,36.9
1455838,-19.3,-7.6
1599760,63.8,-4.4
1404652,6.5,21.4
1471265,2.3,16.7
1135439,-5.1,16.8
1730810,5.1,7.1
1327055,5.8,8.4
1765216,9.4,14.7
1101250,-8.5,-1.1
1399069,16.7,-25.6
1223779,-10.1,-0.8
1452689,13.8,6.8
884566,-2.2,1.4
1426398,-7.0,-4.7
1791468,40.9,14.6
1633387,116.3,143.0
1707206,27.4,29.6
1803675,5.7,32.9
1731132,-15.5,-16.0
1480535,-0.7,3.0
1759271,43.6,72.3
924171,-8.2,0.4
1730817,4.1,8.3
1387508,4.6,-3.2
1542300,-10.5,-9.2
1463753,-5.8,97.3
1353315,-56.3,-30.8
1681115,28.7,10.0
1546592,-10.9,-18.2
764532,-14.4,-10.3
1788587,-4.9,-1.4
1499882,-59.9,-56.4
1599904,12.4,8.7
1608904,-28.4,-28.1
1769089,23.2,27.5
913990,4.5,126.9
1675762,4.7,8.1
1726375,-0.1,5.0
884306,-22.1,4.1
1799859,-0.1,7.8
1000490,10.7,162.4
1642570,3.9,6.5
1166152,-8.4,-7.1
1694896,-2.0,1.3
1505896,7.6,-10.4
1750557,210.3,16.7
1803227,7.1,11.2
1595533,-0.8,5.7
877134,-6.4,74.8
1299582,-2.6,167.0
1573485,-29.4,-19.6
1279708,76.6,-6.1
1332784,16.0,15.5
1730479,3.1,7.7
1523557,16.3,4.1
1512022,-6.4,-6.3
1727862,5.8,19.7
1697274,3.6,289.2
1801577,-32.9,-30.7
1689144,177.2,-1.5
1390777,-8.8,111.4
1445891,11.2,11.4
1630365,-2.9,1.5
1211028,-15.5,-12.6
1484150,12.9,25.9
1418204,19.9,147.1
1588871,10.0,2.4
1801583,3.4,1.2
1479465,-20.6,-7.0
102212,-2.5,-22.0
1793755,-2.8,-5.3
1417889,-13.3,-4.1
1592178,-2.8,6.3
1014894,-26.4,-25.4
1177018,11.9,75.6
107136,17.8,19.4
1456227,-1.7,6.7
1438258,-50.8,93.5
1578258,-35.2,-24.7
1738045,-40.8,-75.9
1512415,-21.6,-18.9
1557485,9.1,14.7
1595907,-1.2,2.2
1535839,43.1,70.1
1666789,-10.0,123.6
1003279,-32.0,-37.6
1722329,-11.5,17.1
1377581,-14.0,148.0
1531809,-3.8,-3.4
1103139,-3.3,-14.7
1781002,-18.9,-51.0
1398318,26.3,22.2
1771687,4.6,8.3
1033427,-32.7,-37.0
1771673,31.7,41.0
1002152,0.1,4.5
1387304,79.2,0.0
1713697,-0.8,3.1
1174850,0.2,3.8
47288,13.1,22.1
1649107,18.1,15.0
1768130,13.5,17.0
1265131,6.5,8.9
1768302,14.9,15.5
1505207,-7.9,-2.0
1818604,43.5,209.0
312348,-6.1,-14.4
1565772,164.9,142.6
1455253,-10.4,-5.4
36644,-9.1,-8.2
1600133,-0.5,-0.0
1387303,6.9,14.8
1680638,52.8,75.3
1802167,34.6,48.8
1677253,32.2,-10.0
1599950,-12.1,-7.8
1539436,11.3,18.5
1352860,0.1,6.3
1260824,3.8,82.0
1583092,-0.3,0.6
1537558,-15.6,-3.7
1803425,1.3,20.2
1010232,-33.2,-38.4
1715593,25.1,22.0
1811579,-13.5,-16.7
1462245,39.5,8.4
1588225,-12.4,-9.1
1790525,14.1,34.9
1569519,-22.1,-36.2
1510989,-13.0,29.9
1510387,0.8,1.3
1426763,4.5,13.6
1731159,9.7,-27.3
1570296,44.8,2.7
1082491,1.2,0.8
1592579,1.9,5.3
1719165,35.7,-5.4
1481447,-48.2,-31.4
1631014,30.5,37.1
878313,-28.3,-24.8
1282197,-17.5,94.4
1410830,6.6,13.3
1003283,0.2,-20.4
1747744,5.8,68.9
1629649,-4.5,-4.0
1741675,14.8,7.5
1801720,26.0,31.2
1057395,-10.4,-3.9
1632665,-6.2,-7.5
1081019,-5.5,-3.5
1713458,25.3,28.0
1423686,-4.4,-3.9
816192,-6.3,-3.7
810265,63.7,-1.6
1512611,-1.1,23.0
1080107,168.1,66.0
1044924,-1.8,-0.5
1633911,21.7,20.1
1527166,-27.3,61.1
1802955,3.5,9.7
1395055,-0.2,3.5
1579111,3.2,16.3
884535,-7.4,-3.4
1697478,127.2,116.9
898358,-17.5,-15.7
872078,4.0,68.4
1456048,19.7,31.4
1803084,19.5,39.1
1088731,-1.6,18.7
1600566,10.7,8.5
1597691,12.9,9.1
1115055,21.2,88.7
1764725,22.9,22.7
1675187,-27.0,-19.3
1703081,28.2,0.9
35442,-0.7,38.7
1559706,43.4,8.6
1138995,-18.8,-23.6
1663224,9.5,10.7
1748729,1.4,3.4
1706351,17.2,14.0
1767366,40.1,-2.2
1645382,16.0,14.4
1539041,6.0,68.1
1000275,-2.0,3.7
1542143,21.9,18.7
1015308,-17.8,-16.4
1589570,4.4,10.8
1697233,113.4,136.9
1108969,-2.2,-0.1
1667019,-5.3,-1.0
1360710,18.1,88.6
312955,162.8,9.4
1048703,-1.7,2.8
904163,-14.6,-21.0
899051,-0.9,13.9
712537,3.3,40.2
1691766,13.4,16.2
1387921,12.6,14.7
1737871,-9.3,-11.9
1412741,13.1,26.7
1556785,-6.1,-1.9
1588456,-8.9,-11.9
940445,-1.9,-2.7
1276151,-17.5,8.6
932859,6.6,0.4
1706164,-0.2,65.0
1044330,-15.3,-12.7
1260468,-14.0,-11.4
1794198,21.0,23.5
918504,-9.1,-7.9
1723223,9.0,14.2
948046,-8.0,125.4
1590491,11.6,13.0
1641173,-18.7,-46.3
1568280,29.9,39.9
1569352,-18.8,73.0
1649910,75.3,3.4
1278235,-19.9,-5.1
1624510,-0.7,0.6
1165797,6.7,19.7
1407409,1.8,-6.8
1802528,51.2,33.5
1680613,16.4,28.6
1569709,36.3,30.7
1086483,2.4,9.4
821197,2.1,1.5
1535472,-4.6,-15.2
1802984,7.0,16.0
1733248,-5.2,-2.3
1422771,38.6,30.9
919079,80.0,5.9
838618,29.8,44.9
1785445,-28.8,-17.1
1451428,-18.5,25.5
1476804,5.3,7.2
1313816,-19.2,-18.5
872259,0.2,59.1
1556915,14.4,32.0
1429390,16.3,22.5
1125243,-10.7,16.8
1428242,8.3,103.4
1600581,15.1,19.3
1482010,-22.5,-17.7
1133742,-6.3,4.5
1471474,17.2,24.6
1218749,2.3,0.4
1320005,-61.5,-50.5
1109426,-0.3,2.8
1568289,3.4,-5.7
1568887,-30.8,-23.7
1792430,-34.2,-26.9
1537783,2.9,12.9
1175954,261.1,15.3
1389426,43.7,25.5
1659171,3.5,17.6
1553656,-4.5,-3.3
1034886,0.3,9.0
1720235,2.2,13.9
1167495,52.4,-10.1
1269978,1.3,3.8
1730295,5.4,10.7
1568621,-13.6,-17.3
1328062,-20.5,-18.0
1717027,-1.8,-3.9
926834,-4.2,1.2
1677044,17.0,-7.7
732905,-18.2,-12.9
1070134,-7.1,-4.0
1318293,38.2,53.1
1312908,-5.1,-16.1
733020,-8.7,-6.7
939219,-6.4,-1.6
1347104,3.3,5.3
1504304,0.2,32.1
1299351,-4.1,-3.4
1393389,-8.9,-8.5
1082482,-9.9,-6.8
733444,-3.2,0.6
1430427,1.5,-6.1
1759236,14.7,24.6
1541536,-22.4,-5.5
1375664,11.4,5.1
1598898,-8.1,32.3
1214183,-1.4,-2.8
1663649,3.8,6.1
1389223,-8.0,-1.0
1179392,-7.1,-15.0
1698219,231.4,7.0
1056831,-29.1,-29.4
1536430,-0.2,2.7
1742418,19.4,30.6
1789219,26.8,31.0
1657428,1.8,9.5
1077148,-10.8,0.1
1080523,94.2,-5.4
1536054,-13.4,10.7
1631408,4.2,6.0
1777734,-19.8,4.5
1739728,27.1,52.1
1794935,-0.2,-4.2
701189,4.4,13.0
1488921,11.8,17.6
819535,-2.5,2.8
1215208,-1.3,268.4
1352449,-5.5,1.4
1802324,-6.6,-1.1
1698484,2.7,8.6
1776878,32.0,24.0
1399248,44.5,61.4
1447946,4.2,-11.3
1418226,82.0,53.1
1771605,6.7,11.5
1599579,29.0,23.6
820027,-5.5,129.9
1513126,-3.0,3.2
1724269,3.8,6.9
1080386,59.0,16.7
1427261,33.0,23.9
1695959,-6.7,-3.2
1551969,3.2,8.6
1317627,-3.0,6.6
1518195,-9.4,-7.5
1633703,-1.9,263.1
1631054,-4.4,1.9
1123570,-51.2,-52.3
1569102,-12.7,-7.5
1140022,-4.4,17.4
1600145,19.1,120.0
1633969,29.9,27.8
1769897,34.1,40.5
1591377,-10.0,-8.9
1724090,-8.2,-2.8
1565951,-1.2,7.0
887793,-10.4,-4.1
1535279,-14.9,9.9
1314404,10.1,11.9
1629290,-31.6,6.9
1598697,-13.6,-11.1
1649147,-2.2,-0.2
1016972,-9.7,0.9
1352675,107.7,9.4
1780507,4.4,9.5
1086611,20.6,19.7
1686776,5.2,39.9
1773994,-29.5,-5.1
809339,-5.9,6.9
1350780,-3.2,2.3
1426940,-11.9,-2.8
1661144,4.2,15.2
1730660,5.0,10.2
1173460,-1.2,13.3
1767107,-5.7,-1.2
1008877,-7.6,1.3
1632283,8.8,11.5
1454138,6.4,14.0
1513779,-9.3,-18.6
1706766,35.6,40.0
1156185,1.8,-18.7
1698819,59.4,287.8
1482416,4.3,63.9
351262,21.9,-0.8
922439,-13.6,-9.3
1521019,117.5,26.4
1637359,-6.0,7.4
1599584,21.4,235.4
65957,-4.3,-35.7
1697267,141.0,55.8
1673815,4.2,9.1
1056807,6.6,38.8
1744349,0.1,0.8
1499066,-0.6,2.5
1770940,6.7,48.4
1389215,-29.6,47.9
1567634,-1.2,2.8
1080171,8.8,125.3
1556970,-48.1,-39.7
1278430,2.5,9.1
1656735,10.6,13.6
1801563,-5.9,1.5
1733472,16.9,70.5
1554871,-11.4,-19.2
1697856,15.9,16.4
1750312,57.8,7.7
1409362,-1.2,2.4
1544825,-37.9,-43.3
1751006,-13.7,-2.6
1569765,27.1,30.1
1806580,-9.1,12.4
1582732,5.1,16.1
1409765,-5.2,-5.2
1137774,-8.8,-22.3
1040592,-4.0,-0.4
1792851,53.0,49.7
1767735,-3.7,9.7
1732537,9.0,231.4
1655543,-2.3,21.5
1005354,-3.8,1.4
885062,-10.9,-10.3
1071483,-9.6,-11.3
1378946,-1.8,335.2
1279912,-3.3,13.0
1451623,73.2,92.6
1467517,0.4,6.2
1164478,-3.0,-0.2
1509842,-5.0,4.8
1568049,-23.3,-5.1
1318259,-3.2,-0.4
1642351,13.0,16.4
1061286,0.9,3.2
1044797,-13.4,-8.3
1554815,-6.5,17.7
1528593,5.5,9.0
1600746,-20.1,-12.6
1426749,-1.0,-5.2
1742647,-4.4,-0.9
903947,-14.3,-11.1
1802376,2.6,12.7
1357955,5.4,0.2
1802978,-54.6,-64.7
1737089,39.2,44.3
1535677,5.9,7.3
859872,-11.8,-14.5
1713678,2.7,9.0
1616882,135.5,121.6
1759654,118.4,160.6
1599170,10.9,11.3
1536006,40.8,49.2
1748726,12.2,19.1
1633903,152.5,20.7
1044936,-1.5,-2.4
1352272,-20.5,-13.0
1782491,10.6,14.2
1028074,-11.9,2.9
310051,-7.1,-5.0
1077583,-7.2,-1.7
1329948,13.6,108.0
908551,0.8,234.8
1163653,143.6,55.2
1162781,-2.2,0.8
40417,-11.5,-7.0
1803054,-17.2,-11.7
1760145,-8.6,3.3
1608179,33.0,16.3
1432529,1.4,8.0
1302739,-0.0,34.3
1511847,5.1,7.1
943656,-14.9,7.6
1427202,5.5,15.7
883961,-16.0,-13.0
1509873,-10.8,-7.6
1441646,20.1,30.0
1690010,18.4,88.8
1732539,117.3,90.7
1175399,-38.8,-35.5
1481669,1.0,-0.5
1412575,183.5,240.4
1542383,-6.0,3.2
1729515,81.5,82.7
1766883,3.4,6.7
1765054,9.8,13.5
1602020,-10.9,19.6
1419999,-6.7,0.6
1664656,12.0,14.4
1803295,0.5,16.7
1748728,6.1,6.7
1569502,-17.8,-48.5
1166928,6.4,9.3
1625292,21.9,25.0
1004244,-8.9,41.0
903949,-8.5,-6.0
1697490,34.8,40.7
1453526,-14.5,-10.4
1307617,-48.2,-19.3
811360,-3.8,1.1
923116,-28.3,-18.3
1469219,0.9,3.0
1317829,-0.2,10.1
1030618,-18.9,-15.2
1424480,14.7,6.5
884589,-14.9,-23.1
1423053,11.6,18.8
1773368,3.3,6.0
1424878,-6.1,-0.3
1716539,8.4,14.9
1356643,-2.3,14.4
919219,11.0,14.5
1321711,-68.6,234.9
1697868,39.6,41.7
903783,-4.7,13.2
1094584,-15.2,-9.0
1542324,-0.6,-4.9
1568219,-11.3,5.3
1744348,3.5,-0.9
713676,-1.7,55.5
1125816,2.1,1.7
1162170,1.5,4.7
1518999,118.4,13.1
1008871,5.7,25.0
1694870,26.9,30.3
1561509,-2.4,-8.8
1593410,-11.6,-14.9
927971,6.1,73.3
1595521,6.4,66.9
1053321,11.2,5.9
1472850,27.8,39.5
1752212,4.5,-42.0
1597878,84.9,6.5
1483394,8.8,1.3
1535249,61.0,54.5
937589,92.3,-1.9
1766671,-7.4,-5.1
1535847,27.4,29.4
884314,-14.6,-6.5
1697857,22.4,11.4
1538338,-35.7,-54.7
822581,-6.0,-5.0
1547007,12.9,17.7
1434641,-25.1,-22.6
1694080,23.6,32.9
1796651,1.9,21.4
1775850,-1.4,-2.5
1425165,0.5,5.3
1310051,-15.9,-19.2
1665976,3.3,341.0
902464,-14.3,-12.1
701516,10.9,18.5
1599576,8.0,3.2
1406313,-11.3,-9.4
1324290,32.9,380.7
1808275,-14.6,-16.5
1544676,184.7,295.3
1499094,-4.1,-1.0
1514334,2.8,17.9
1802119,-9.3,-8.3
1801101,11.1,17.7
928566,-26.1,10.1
1571902,-64.8,46.1
1586767,17.6,-3.2
351051,39.3,36.2
1095836,-6.1,8.6
1009950,15.3,4.6
1667074,6.6,8.4
1450935,3.4,6.6
1009198,-3.7,-0.3
1776074,-0.6,5.1
1049648,-17.9,-12.6
908195,-9.2,-8.9
1767750,53.2,10.4
1483969,-21.2,-9.0
1463746,-4.7,-0.2
1350585,7.0,9.2
1546587,72.3,22.9
1621802,84.2,-5.0
1301743,-4.2,17.7
1411530,0.1,3.4
1538900,-4.0,2.3
1768375,51.9,168.3
1563634,-0.4,-0.2
1292975,-33.9,-36.6
1363561,2.4,7.5
1544224,5.0,18.2
59558,10.9,9.2
1263048,-10.6,-41.2
1642305,4.5,6.1
1086619,133.0,-14.7
1698220,116.5,0.8
1731127,-4.5,26.6
1687832,3.9,10.9
22657,-3.3,-1.3
1633366,4.5,8.1
1798736,-30.6,-28.0
60086,-13.4,-9.4
1259313,108.5,9.3
1423065,-18.3,-8.8
1557406,-9.8,-13.8
1577001,4.5,9.3
1596957,13.5,40.6
1010873,-2.2,8.0
1323414,-26.3,-20.7
1619899,25.8,49.8
1503174,7.0,14.1
1316397,-13.5,55.9
1080380,-18.9,28.8
1698218,30.7,30.8
911270,-5.0,-1.2
1763138,-9.4,-6.9
1123320,-3.8,-10.0
1616026,-0.8,5.3
1121477,-10.3,-7.8
1801792,-2.5,11.2
1568680,-14.1,-26.6
1135077,-0.5,2.9
1631052,7.1,11.0
1714267,-16.9,-15.7
1793923,-10.6,-4.5
1799425,-2.7,6.3
1026720,-4.5,-3.3
1595725,12.7,43.5
1386929,-6.9,-7.1
1798485,-4.8,3.4
1017115,-2.1,1.3
1644187,-8.6,4.9
1163744,4.0,4.0
1802091,2.7,6.1
1667553,160.9,83.6
1689829,32.8,29.4
1224890,-0.8,1.9
1214639,-8.0,-0.6
1731260,2.0,19.2
1689227,-0.4,3.2
1526528,-30.3,-2.2
1377817,18.2,9.0
1142433,11.0,30.2
1661462,-13.0,-20.0
1666647,2.4,-15.9
1633445,32.8,34.4
1802257,-52.5,-13.7
1098490,105.3,129.2
784045,24.6,30.2
1767045,19.9,26.9
1599852,1.7,3.7
1536924,-1.4,1.1
1399794,-3.8,43.9
810958,-3.6,-3.0
62039,-24.7,40.3
1266014,-7.0,-3.5
1697110,12.0,53.9
1692234,-12.2,9.3
1598177,-6.6,-5.8
1022837,154.4,44.4
1283718,-0.2,-0.0
1421224,-7.9,0.9
924223,0.9,6.5
1792510,-8.0,-12.0
1569049,5.6,15.5
1407382,2.7,-0.7
1542294,-22.4,46.3
1633648,-2.9,-3.3
1169883,-31.5,-30.1
1664741,61.1,298.6
1259261,0.1,-1.6
1646247,61.7,62.2
1666472,-8.8,-2.5
1657335,-6.6,-7.9
1279030,11.1,-2.2
1105909,-1.8,21.0
1383838,0.4,12.4
1021642,-7.5,27.4
312272,7.2,1.1
1303159,6.6,12.3
1080201,-3.8,-4.2
1549449,226.9,12.2
1190327,-46.4,-47.0
1475597,84.3,66.8
1795356,-0.1,6.4
1389191,-17.7,-16.3
1078246,-7.3,193.0
1767841,10.4,117.7
1472322,5.7,73.8
1778253,6.0,-18.8
1310929,-2.3,-5.1
51812,168.4,53.5
922127,-3.5,-4.1
1756959,-1.2,1.3
1546408,13.5,26.0
1459754,-1.8,-0.5
1735605,32.5,10.1
1729854,-5.7,-2.9
1245862,40.7,42.8
1088859,-2.0,-0.6
1712671,-13.5,-10.6
1730521,-6.4,-3.7
1802868,3.5,2.9
1599863,24.5,21.5
1397290,1.8,3.4
1078841,-8.6,-4.7
1697748,58.3,35.6
1017918,-9.1,-5.8
1757043,34.9,30.5
1730383,-7.8,6.2
764038,-3.5,1.3
1511506,10.5,14.4
1033974,-2.2,1.3
1800358,6.9,9.0
1673995,31.5,52.3
1566030,-2.8,1.6
1483824,-1.6,0.8
1766509,1.7,10.3
1696497,10.2,15.4
1114618,-12.5,-9.4
1086762,-16.4,-13.3
1084207,-4.4,1.3
1517857,-7.0,3.6
1006435,-1.4,12.5
1482106,-1.2,4.4
1026200,-13.1,-9.6
1567912,-14.3,-12.9
1722641,16.2,13.5
1368465,106.2,0.1
1389957,42.4,103.6
1793269,-4.7,1.6
1559077,3.2,7.7
1654111,-15.2,223.7
1521951,4.7,72.5
1398825,38.7,121.6
1333709,-8.3,-16.0
1627417,-12.0,-3.6
1776757,4.7,28.0
1757282,-6.1,-0.4
1350290,-2.8,-7.4
1512370,-33.9,-56.9
1289442,-41.4,-34.0
1179475,-6.2,0.4
1759115,16.2,18.2
1534646,-70.1,-18.2
1696656,9.6,12.4
812295,-4.9,-22.5
1632966,97.0,8.2
1791555,-1.4,-6.7
1424196,-41.8,-35.8
1692632,12.3,25.0
1621915,77.6,49.9
1428569,-16.8,-9.7
1173329,-33.4,-1.1
1631941,3.4,11.5
1316617,-7.0,-1.0
1653199,22.6,15.2
1738720,-0.4,-1.5
1291422,-1.3,150.9
1568132,0.4,4.2
1074273,-6.6,-2.6
1328785,-5.0,41.1
1166402,-6.9,-3.7
1332811,-1.2,-11.2
315032,-4.8,11.8
1291274,5.9,15.0
1503269,-8.7,-10.9
1626757,-8.0,276.5
1315059,10.1,15.0
1816635,30.2,167.2
1801682,34.2,39.5
1465109,-8.6,27.1
1674784,-5.8,4.3
883487,-8.2,12.6
1715635,7.5,34.9
791191,7.0,13.8
1740053,-2.4,-1.8
1599468,0.6,0.1
1525109,-4.7,-0.3
1706028,2.5,22.7
1539338,3.2,14.4
1483870,-4.0,-4.9
1342396,9.3,30.0
1512581,11.8,68.7
1604867,6.1,-5.6
1568338,-24.7,-19.0
1808195,8.3,10.5
1511794,-8.6,-0.2
1697723,63.1,49.7
1138486,-3.8,5.4
915191,-1.9,0.6
944733,-5.2,-1.7
1766596,7.3,17.6
1034550,-34.8,-24.6
1762304,3.3,12.7
1484256,28.0,23.8
1768068,2.3,-18.7
1774437,-1.9,5.3
732847,-18.5,-23.6
1730575,6.7,6.5
1359371,-7.0,-1.8
769317,-13.7,-11.0
1665605,12.7,1.9
700529,-13.5,17.6
1040273,-6.2,-5.2
1637246,2.4,2.5
1455139,-22.9,-38.2
1493215,24.3,19.7
1126328,-0.8,4.8
1442173,-6.6,-6.1
1727993,7.0,8.5
1544554,-15.2,-5.4
1119191,-20.2,70.2
1607278,-6.7,12.5
1768095,23.7,29.1
1532520,83.0,67.8
1056549,-0.7,3.8
1167388,-19.3,116.0
1728321,38.6,175.2
1086364,-5.6,-7.4
1426851,8.9,8.7
1388814,-6.7,32.9
1388028,-6.7,-12.9
1802660,23.9,133.1
1494234,1.0,21.3
1752761,17.8,5.7
1714346,199.4,10.8
1671657,11.1,12.8
1700574,21.5,18.3
1632968,-9.7,-33.8
1590144,25.4,50.0
1570598,-27.3,-26.5
1509550,-10.8,141.1
1665633,23.9,21.0
1713735,-0.8,1.9
1573913,-1.1,0.7
1555283,3.5,-2.6
1799964,-2.0,-0.4
7789,-0.9,90.0
1510677,1.6,-1.1
1396318,-10.2,-10.8
1767812,12.6,15.7
1513006,34.3,91.7
1784277,-11.2,-0.1
1535392,29.3,34.4
1376192,-0.6,5.1
1005817,3.3,4.4
947517,-0.3,3.1
1564702,63.0,20.5
1667163,-1.7,0.4
883677,-13.0,-6.6
1714341,-6.9,-6.4
1134621,2.6,3.1
1779789,22.1,67.3
1545812,3.0,10.0
1533892,-23.3,-22.5
1458425,5.6,57.3
1720346,-22.7,5.0
1666613,6.7,396.0
1453039,21.5,-42.1
1764694,3.6,6.2
1771174,34.0,24.8
2230,-5.4,-1.8
1664771,-6.1,0.1
1641604,2.5,-17.4
52234,-11.7,-25.3
1766392,113.9,89.1
1479355,-57.7,294.8
717538,0.5,4.5
1313559,-25.7,-20.3
1769578,34.0,45.2
1766530,33.9,37.3
1734341,43.1,45.7
1274981,6.5,42.8
1557543,-34.5,-18.8
842180,14.4,35.3
1568990,-14.5,-13.9
1768237,-29.1,7.4
1706248,10.0,13.1
1442573,-15.8,-1.1
860486,20.9,8.5
1308778,-3.0,9.6
1080493,9.9,-2.3
1695214,0.6,13.5
1009215,-39.4,-34.4
1345929,-4.7,20.5
1056515,-8.4,-0.6
1436866,-4.1,-1.7
1340807,-3.6,0.8
1764260,21.4,19.6
1562668,5.5,60.9
1676623,12.1,16.1
1632553,0.3,4.6
902528,100.6,3.4
1585859,44.3,48.3
1391166,98.7,6.0
1388279,-4.4,-7.8
1799900,13.2,19.8
1120048,8.5,19.7
1301050,-14.9,-2.5
1512978,-14.7,-10.7
1598147,-12.1,-6.6
1345576,10.3,120.0
1086763,1.4,-6.0
1632108,-19.0,-5.0
1598381,-11.7,-8.2
878228,-3.6,106.0
1599405,22.8,15.8
759944,122.1,43.3
1040210,23.7,-1.8
1729299,12.8,19.0
1755723,8.4,36.4
928047,6.3,26.6
1425649,3.4,9.1
936941,145.7,16.3
1278573,7.7,12.2
1302842,119.7,-18.8
1799797,20.9,26.7
1492162,-17.4,-11.2
1664324,-18.2,-13.6
1798221,18.1,28.5
1697740,5.6,7.0
1009016,2.1,-0.1
1562453,-16.6,-32.2
1128213,17.4,-1.3
1482935,0.0,2.4
1729094,8.0,64.5
1540531,-2.9,-2.3
1177719,-12.4,-8.1
1317103,-33.3,-26.8
1542266,0.4,17.5
1576053,1.4,7.4
1541625,39.7,240.5
805676,-4.7,288.0
1615982,29.3,41.9
1037389,-2.7,1.9
1767840,-10.0,-6.9
1608057,18.8,28.8
1641438,6.7,8.3
932724,6.0,10.1
1682266,32.3,47.5
1619125,-20.1,-39.7
894205,-5.4,2.8
5272,-13.4,65.4
1536925,2.7,4.3
1730511,16.9,21.2
1001085,11.3,52.7
1732074,-6.3,47.7
315297,-5.8,-5.8
1082339,11.3,20.7
1689470,-8.3,-8.0
1731437,-1.1,2.3
1084208,13.0,0.2
1692038,49.5,42.3
1386928,-5.6,-8.1
1427119,117.4,-0.9
1662212,9.6,36.2
1277158,-14.2,-8.8
1766506,29.0,28.9
1131908,-26.5,-42.7
1054425,83.8,4.1
903064,-11.0,-13.0
1055964,104.7,10.0
1623883,-28.4,-29.5
1567784,89.6,10.9
1803189,4.9,8.6
1766995,0.3,6.2
1226355,-25.9,3.0
1688931,8.3,53.2
1697323,-0.2,-1.9
1729093,-0.6,3.5
763212,-6.6,4.5
1803519,30.9,30.3
1266227,-17.2,-12.5
1263567,-32.6,-24.6
1510848,-1.7,1.2
1818535,-2.0,9.5
1777813,50.0,28.4
1802893,-35.0,-35.0
916542,-3.3,2.0
1426266,-9.8,-4.7
945625,-5.2,10.5
1805824,-11.0,-8.4
1534417,-19.1,-8.1
1352306,-24.1,-16.9
762152,-9.8,28.6
1424367,4.6,9.0
1737109,53.0,55.4
1759176,-0.8,-3.7
763848,-33.0,-29.3
1764008,-21.5,-23.1
1752758,22.6,25.8
1512545,-13.3,-13.8
1381954,-13.6,-7.0
1536186,36.2,38.2
1371726,-1.9,-5.8
1767474,-0.0,4.1
1140331,2.1,8.7
909151,-5.4,-2.5
1666612,24.7,28.7
1481714,5.3,5.5
1121908,-5.0,2.1
1755784,-19.3,-0.5
1426857,-21.0,-11.9
1600064,74.8,83.8
1696438,-11.9,-8.6
1502976,6.0,-0.4
1731497,11.5,14.7
1664713,8.6,9.5
1601384,5.5,146.6
1513038,117.8,5.8
1505961,-17.9,-11.7
1657703,-12.7,159.5
1738728,38.8,116.3
1080298,-7.1,-5.8
1404599,-25.3,-0.8
807985,-33.6,-2.4
1568939,11.6,25.5
1035674,-35.6,-31.7
1722622,-26.8,-62.5
1728318,-9.4,-10.9
1517666,13.7,13.3
1690531,3.2,6.2
1601348,-6.0,32.7
1015079,-13.3,51.2
1444043,8.4,6.9
1696064,1.5,4.2
1582813,-1.7,9.1
1669662,-6.7,-0.7
1792126,16.0,-0.8
1134288,-4.0,-3.9
1256071,-18.2,-11.9
1323953,3.7,16.1
1736225,50.3,42.0
1457833,-1.3,-4.3
1751581,17.6,21.4
1606152,-4.2,-3.8
1351917,15.9,22.0
1713506,-21.7,-25.4
1389933,2.9,-16.9
1591097,-15.1,-25.0
1549275,99.6,140.8
1696867,16.4,25.6
1483276,-31.6,-24.7
1730126,-4.7,-1.0
1633625,18.7,40.9
1473438,-22.3,-18.4
1132716,4.3,14.1
1538449,2.0,1.4
1689872,113.4,156.2
1133639,87.3,76.0
1512746,-8.6,-1.2
1623678,-10.6,-24.6
1838533,-26.1,-1.0
1648711,7.4,-3.6
1461564,-30.9,-22.0
1736648,87.6,125.5
1644128,32.6,181.8
1399360,-9.2,-5.8
1426859,-8.2,4.5
1510481,-9.0,-7.1
1696260,13.4,15.0
1534270,-0.8,18.8
1317195,-10.5,-7.2
1765923,1.2,181.5
1068840,-5.1,-4.1
1730580,-4.1,-2.2
949012,3.9,4.1
1730322,26.3,30.5
1811240,26.4,33.3
1706016,4.5,5.1
1495741,-7.9,-13.8
1050470,-10.4,-2.9
1722283,-0.9,-6.5
33250,-1.9,13.4
1388443,-5.5,-7.1
1765924,141.1,117.8
885118,-18.6,-20.8
872573,97.0,89.8
1014738,146.9,56.2
1569688,53.3,45.7
1697725,14.9,20.4
1407543,29.2,11.3
1586678,17.1,14.5
1600052,7.3,11.4
1730573,4.0,-2.1
1050477,-3.4,-1.5
1121330,-8.4,-0.6
1015083,-11.8,-13.4
1599469,46.2,35.8
1308377,-5.2,-2.7
1135730,-3.5,193.7
1766564,33.6,154.4
1606507,30.6,24.3
1802496,-18.4,-7.3
922940,-16.5,260.4
1787258,21.2,13.6
1079935,21.7,10.4
1800597,-2.2,131.5
1512914,-45.6,-2.1
